{
  "type": "FeatureCollection",
  "features": [
    {
      "type": "Feature",
      "properties": {
        "waterway": "canal"
      },
      "geometry": {
        "type": "LineString",
        "coordinates": [
          [
            77.0313595,
            28.5978905
          ],
          [
            77.0314525,
            28.5978371
          ],
          [
            77.0314647,
            28.5977604
          ],
          [
            77.0298704,
            28.5959492
          ]
        ]
      }
    },
    {
      "type": "Feature",
      "properties": {
        "alt_name": "Sahibi River",
        "alt_name:en": "River Sahibi",
        "description": "Channelised Storm Water Drain River",
        "name": "Najafgarh Nallah",
        "name:en": "Najafgarh Drain",
        "waterway": "canal",
        "wikipedia": "en:Najafgarh drain"
      },
      "geometry": {
        "type": "LineString",
        "coordinates": [
          [
            76.5406037,
            28.7076958
          ],
          [
            76.5410447,
            28.7075167
          ],
          [
            76.5418219,
            28.7072009
          ],
          [
            76.5432189,
            28.7065993
          ],
          [
            76.5434429,
            28.7063857
          ],
          [
            76.5435856,
            28.7060198
          ],
          [
            76.5441008,
            28.7041635
          ],
          [
            76.5447184,
            28.7022675
          ],
          [
            76.5451816,
            28.7014931
          ],
          [
            76.545534,
            28.7010277
          ],
          [
            76.5474383,
            28.6985239
          ],
          [
            76.5481549,
            28.6975272
          ],
          [
            76.5483687,
            28.6971244
          ],
          [
            76.5484914,
            28.6965861
          ],
          [
            76.5487052,
            28.6950719
          ],
          [
            76.5487408,
            28.6947281
          ],
          [
            76.5485627,
            28.6941689
          ],
          [
            76.5469988,
            28.6906647
          ],
          [
            76.545918,
            28.688178
          ],
          [
            76.5457953,
            28.6877786
          ],
          [
            76.5459853,
            28.6871465
          ],
          [
            76.5465079,
            28.685205
          ],
          [
            76.5466671,
            28.6845537
          ],
          [
            76.5465998,
            28.6832617
          ],
          [
            76.5467384,
            28.682765
          ],
          [
            76.547063,
            28.6821606
          ],
          [
            76.5471699,
            28.6816223
          ],
          [
            76.5472042,
            28.6798945
          ],
          [
            76.5475961,
            28.6757634
          ],
          [
            76.5477865,
            28.6743683
          ],
          [
            76.548044,
            28.6724819
          ],
          [
            76.5477949,
            28.6707361
          ],
          [
            76.5477477,
            28.6699867
          ],
          [
            76.5479615,
            28.6678191
          ],
          [
            76.5483218,
            28.6656028
          ],
          [
            76.548789,
            28.6629418
          ],
          [
            76.5493551,
            28.659902
          ],
          [
            76.5498896,
            28.6567406
          ],
          [
            76.549949,
            28.6561569
          ],
          [
            76.5498975,
            28.6534609
          ],
          [
            76.5498817,
            28.6501707
          ],
          [
            76.5498579,
            28.6458972
          ],
          [
            76.5495887,
            28.6438924
          ],
          [
            76.5491354,
            28.6403908
          ],
          [
            76.5487949,
            28.6371176
          ],
          [
            76.548593,
            28.63554
          ],
          [
            76.5484703,
            28.6351404
          ],
          [
            76.548209,
            28.6349006
          ],
          [
            76.5469816,
            28.6337991
          ],
          [
            76.5458177,
            28.6324821
          ],
          [
            76.5454099,
            28.6319434
          ],
          [
            76.5447685,
            28.6301642
          ],
          [
            76.5439133,
            28.6278672
          ],
          [
            76.5427612,
            28.6263103
          ],
          [
            76.5411286,
            28.6240476
          ],
          [
            76.540792,
            28.6235229
          ],
          [
            76.5401705,
            28.6220389
          ],
          [
            76.5394578,
            28.6205515
          ],
          [
            76.5392638,
            28.6199607
          ],
          [
            76.5391807,
            28.619495
          ],
          [
            76.5391688,
            28.6187686
          ],
          [
            76.5391569,
            28.6183968
          ],
          [
            76.5396716,
            28.6156755
          ],
          [
            76.5399883,
            28.6138577
          ],
          [
            76.5400002,
            28.6135171
          ],
          [
            76.5398894,
            28.613253
          ],
          [
            76.5395053,
            28.6126969
          ],
          [
            76.5382661,
            28.6111641
          ],
          [
            76.5380801,
            28.6107853
          ],
          [
            76.5378861,
            28.6100137
          ],
          [
            76.5372011,
            28.6067013
          ],
          [
            76.5365083,
            28.6036217
          ],
          [
            76.536536,
            28.6033992
          ],
          [
            76.5366944,
            28.6031559
          ],
          [
            76.5384601,
            28.601331
          ],
          [
            76.5385868,
            28.6011329
          ],
          [
            76.5386106,
            28.6009139
          ],
          [
            76.5384364,
            28.6002291
          ],
          [
            76.5384126,
            28.5997599
          ],
          [
            76.5384918,
            28.5972119
          ],
          [
            76.5385274,
            28.5945248
          ],
          [
            76.5386027,
            28.5925399
          ],
          [
            76.5386066,
            28.5916465
          ],
          [
            76.5386937,
            28.5889905
          ],
          [
            76.5387373,
            28.5865362
          ],
          [
            76.5386502,
            28.5862024
          ],
          [
            76.5383809,
            28.5855628
          ],
          [
            76.5372843,
            28.5834455
          ],
          [
            76.5360055,
            28.5817385
          ],
          [
            76.5352453,
            28.581064
          ],
          [
            76.5341487,
            28.580035
          ],
          [
            76.5340338,
            28.5797951
          ],
          [
            76.5340259,
            28.5795517
          ],
          [
            76.5342199,
            28.579065
          ],
          [
            76.5352572,
            28.5765999
          ],
          [
            76.5356333,
            28.5762209
          ],
          [
            76.5367102,
            28.5753483
          ],
          [
            76.5393153,
            28.5731057
          ],
          [
            76.541861,
            28.5708283
          ],
          [
            76.5441652,
            28.5694792
          ],
          [
            76.5475225,
            28.5675703
          ],
          [
            76.5517073,
            28.5651884
          ],
          [
            76.5557496,
            28.5628622
          ],
          [
            76.5588218,
            28.5611548
          ],
          [
            76.5600571,
            28.5603863
          ],
          [
            76.5606232,
            28.5599134
          ],
          [
            76.5609281,
            28.5595413
          ],
          [
            76.5611815,
            28.5590684
          ],
          [
            76.5613319,
            28.5585294
          ],
          [
            76.561419,
            28.5574201
          ],
          [
            76.5614309,
            28.5562378
          ],
          [
            76.5613676,
            28.5533097
          ],
          [
            76.5613596,
            28.5497138
          ],
          [
            76.5612527,
            28.5460969
          ],
          [
            76.5612052,
            28.5422991
          ],
          [
            76.5612013,
            28.5386089
          ],
          [
            76.5611973,
            28.5361951
          ],
          [
            76.5613003,
            28.535096
          ],
          [
            76.5614349,
            28.5341465
          ],
          [
            76.5614552,
            28.5340229
          ],
          [
            76.5615497,
            28.5334474
          ],
          [
            76.5618347,
            28.5327552
          ],
          [
            76.5623653,
            28.531823
          ],
          [
            76.5632442,
            28.5310056
          ],
          [
            76.5655365,
            28.5287029
          ],
          [
            76.5666609,
            28.5277464
          ],
          [
            76.5675945,
            28.5271203
          ],
          [
            76.5685051,
            28.5267863
          ],
          [
            76.5753623,
            28.524734
          ],
          [
            76.5841425,
            28.5221903
          ],
          [
            76.5892814,
            28.5207258
          ],
          [
            76.5912135,
            28.5201658
          ],
          [
            76.5931495,
            28.5194526
          ],
          [
            76.5968948,
            28.518089
          ],
          [
            76.598138,
            28.5176124
          ],
          [
            76.59872,
            28.5172436
          ],
          [
            76.5993693,
            28.5166801
          ],
          [
            76.6019783,
            28.5142449
          ],
          [
            76.6035263,
            28.5128673
          ],
          [
            76.6040371,
            28.5125889
          ],
          [
            76.6044607,
            28.512495
          ],
          [
            76.6048724,
            28.5124359
          ],
          [
            76.6053634,
            28.5124881
          ],
          [
            76.605981,
            28.5126446
          ],
          [
            76.6106448,
            28.5140466
          ],
          [
            76.6158214,
            28.5155359
          ],
          [
            76.6180101,
            28.5157245
          ],
          [
            76.619598,
            28.5159507
          ],
          [
            76.6210571,
            28.5162147
          ],
          [
            76.6282669,
            28.5190051
          ],
          [
            76.6286102,
            28.5194953
          ],
          [
            76.628696,
            28.5256792
          ],
          [
            76.6284385,
            28.5263956
          ],
          [
            76.6196538,
            28.5335563
          ],
          [
            76.6193662,
            28.5339479
          ],
          [
            76.6192117,
            28.5343511
          ],
          [
            76.6192976,
            28.536651
          ],
          [
            76.6192589,
            28.537437
          ],
          [
            76.6174951,
            28.541929
          ],
          [
            76.6173234,
            28.542683
          ],
          [
            76.6182676,
            28.5477346
          ],
          [
            76.6199413,
            28.5500719
          ],
          [
            76.6204563,
            28.550675
          ],
          [
            76.6212717,
            28.5509766
          ],
          [
            76.6281345,
            28.5514569
          ],
          [
            76.6301122,
            28.5516174
          ],
          [
            76.6334596,
            28.552786
          ],
          [
            76.6392532,
            28.5547839
          ],
          [
            76.6400686,
            28.5552362
          ],
          [
            76.643397,
            28.5591811
          ],
          [
            76.6443253,
            28.5592361
          ],
          [
            76.6538015,
            28.5597972
          ],
          [
            76.6693411,
            28.5596408
          ],
          [
            76.6729889,
            28.5592262
          ],
          [
            76.675345,
            28.5591187
          ],
          [
            76.6782203,
            28.559081
          ],
          [
            76.6829024,
            28.5594146
          ],
          [
            76.6848765,
            28.5593769
          ],
          [
            76.6875329,
            28.5590433
          ],
          [
            76.6889921,
            28.5591941
          ],
          [
            76.6975794,
            28.5596408
          ],
          [
            76.6998539,
            28.5600554
          ],
          [
            76.7048439,
            28.5610319
          ],
          [
            76.7063356,
            28.5613594
          ],
          [
            76.7073518,
            28.5617361
          ],
          [
            76.7078791,
            28.5618647
          ],
          [
            76.708655,
            28.5618247
          ],
          [
            76.7099391,
            28.5620154
          ],
          [
            76.7102911,
            28.5619894
          ],
          [
            76.7105507,
            28.5618194
          ],
          [
            76.7119089,
            28.560928
          ],
          [
            76.7144409,
            28.5593826
          ],
          [
            76.7183462,
            28.5575356
          ],
          [
            76.7186895,
            28.5570833
          ],
          [
            76.7186895,
            28.5564048
          ],
          [
            76.7178773,
            28.5536493
          ],
          [
            76.717921,
            28.5532564
          ],
          [
            76.7249594,
            28.5455802
          ],
          [
            76.7251697,
            28.5448696
          ],
          [
            76.7285171,
            28.5327299
          ],
          [
            76.7292896,
            28.5299776
          ],
          [
            76.7298089,
            28.5291801
          ],
          [
            76.7303625,
            28.5286202
          ],
          [
            76.7310534,
            28.5283506
          ],
          [
            76.7318645,
            28.5282809
          ],
          [
            76.7425054,
            28.5281677
          ],
          [
            76.7433637,
            28.5276399
          ],
          [
            76.7460673,
            28.525189
          ],
          [
            76.7487281,
            28.52353
          ],
          [
            76.7510884,
            28.521984
          ],
          [
            76.7525476,
            28.5207774
          ],
          [
            76.7554293,
            28.5179059
          ],
          [
            76.7555516,
            28.5171951
          ],
          [
            76.7555516,
            28.5164032
          ],
          [
            76.7560666,
            28.5157622
          ],
          [
            76.7587274,
            28.5154605
          ],
          [
            76.7618602,
            28.5142538
          ],
          [
            76.7620748,
            28.5137259
          ],
          [
            76.7618602,
            28.5110861
          ],
          [
            76.7624181,
            28.5100302
          ],
          [
            76.763448,
            28.5090875
          ],
          [
            76.7638772,
            28.508107
          ],
          [
            76.7663234,
            28.5066739
          ],
          [
            76.7685979,
            28.5056557
          ],
          [
            76.7707007,
            28.5051654
          ],
          [
            76.7718939,
            28.5053933
          ],
          [
            76.7726748,
            28.5055425
          ],
          [
            76.7761574,
            28.5065551
          ],
          [
            76.7769664,
            28.5065985
          ],
          [
            76.7809575,
            28.5062213
          ],
          [
            76.7824166,
            28.5058442
          ],
          [
            76.7860644,
            28.5057311
          ],
          [
            76.7870086,
            28.5058065
          ],
          [
            76.7960208,
            28.5024123
          ],
          [
            76.7970078,
            28.5021483
          ],
          [
            76.7996257,
            28.5020352
          ],
          [
            76.8002694,
            28.5022615
          ],
          [
            76.8034945,
            28.5041415
          ],
          [
            76.8047326,
            28.505354
          ],
          [
            76.8066273,
            28.5067437
          ],
          [
            76.8070565,
            28.5073093
          ],
          [
            76.8095456,
            28.5136448
          ],
          [
            76.8095885,
            28.5147384
          ],
          [
            76.8088096,
            28.517987
          ],
          [
            76.8083439,
            28.5188863
          ],
          [
            76.8083439,
            28.5195651
          ],
          [
            76.8087667,
            28.5202118
          ],
          [
            76.8093246,
            28.5209659
          ],
          [
            76.8099254,
            28.5223611
          ],
          [
            76.8102751,
            28.5229587
          ],
          [
            76.8106614,
            28.5231472
          ],
          [
            76.8110476,
            28.523185
          ],
          [
            76.8125003,
            28.5228513
          ],
          [
            76.8130646,
            28.5228833
          ],
          [
            76.8133221,
            28.5231472
          ],
          [
            76.8138736,
            28.522889
          ],
          [
            76.8145173,
            28.5227381
          ],
          [
            76.8154614,
            28.522625
          ],
          [
            76.8160258,
            28.5228456
          ],
          [
            76.8167983,
            28.5240522
          ],
          [
            76.8173068,
            28.5239824
          ],
          [
            76.8185084,
            28.525453
          ],
          [
            76.8191092,
            28.5255284
          ],
          [
            76.8200169,
            28.5255981
          ],
          [
            76.8205748,
            28.5254096
          ],
          [
            76.8219417,
            28.5249251
          ],
          [
            76.822506,
            28.5250326
          ],
          [
            76.8229832,
            28.5251688
          ],
          [
            76.8242226,
            28.5255227
          ],
          [
            76.825847,
            28.5266218
          ],
          [
            76.8278704,
            28.5272195
          ],
          [
            76.8294518,
            28.5280546
          ],
          [
            76.8319409,
            28.5299021
          ],
          [
            76.8323701,
            28.5298267
          ],
          [
            76.8353742,
            28.5280923
          ],
          [
            76.8382066,
            28.5273759
          ],
          [
            76.8405669,
            28.5265841
          ],
          [
            76.8431418,
            28.5255284
          ],
          [
            76.8439572,
            28.5255284
          ],
          [
            76.846618,
            28.5261317
          ],
          [
            76.8499654,
            28.5266973
          ],
          [
            76.853184,
            28.5268104
          ],
          [
            76.8533223,
            28.5268939
          ],
          [
            76.8538707,
            28.5272251
          ],
          [
            76.8545638,
            28.527785
          ],
          [
            76.854435,
            28.528426
          ],
          [
            76.8537848,
            28.5292612
          ],
          [
            76.8530982,
            28.5299021
          ],
          [
            76.852418,
            28.5300096
          ],
          [
            76.8520253,
            28.5302415
          ],
          [
            76.8521111,
            28.5306562
          ],
          [
            76.8526755,
            28.5322718
          ],
          [
            76.8529759,
            28.5325357
          ],
          [
            76.85392,
            28.5326866
          ],
          [
            76.8543921,
            28.5329882
          ],
          [
            76.8557654,
            28.534157
          ],
          [
            76.856495,
            28.5343078
          ],
          [
            76.8578618,
            28.5345396
          ],
          [
            76.8596213,
            28.5343511
          ],
          [
            76.8613015,
            28.5347602
          ],
          [
            76.8651574,
            28.5352937
          ],
          [
            76.8662732,
            28.5352183
          ],
          [
            76.8675178,
            28.5350298
          ],
          [
            76.8680327,
            28.534615
          ],
          [
            76.8684343,
            28.5344419
          ],
          [
            76.8694946,
            28.5342518
          ],
          [
            76.8703566,
            28.5342324
          ],
          [
            76.8715518,
            28.5354822
          ],
          [
            76.8794976,
            28.5389074
          ],
          [
            76.880049,
            28.5388753
          ],
          [
            76.8807357,
            28.5386491
          ],
          [
            76.8864005,
            28.5353314
          ],
          [
            76.8873017,
            28.5349167
          ],
          [
            76.8894046,
            28.5342757
          ],
          [
            76.8918508,
            28.5336348
          ],
          [
            76.8963569,
            28.5326168
          ],
          [
            76.8976872,
            28.5323152
          ],
          [
            76.9000047,
            28.5313349
          ],
          [
            76.9143604,
            28.5251237
          ],
          [
            76.9146667,
            28.5249469
          ],
          [
            76.9186703,
            28.5198273
          ],
          [
            76.9200672,
            28.5181218
          ],
          [
            76.9205301,
            28.5179077
          ],
          [
            76.920993,
            28.5180932
          ],
          [
            76.9212285,
            28.5179648
          ],
          [
            76.9256871,
            28.5124985
          ],
          [
            76.9276037,
            28.5108786
          ],
          [
            76.9280504,
            28.510693
          ],
          [
            76.9342876,
            28.510272
          ],
          [
            76.9366671,
            28.5085235
          ],
          [
            76.9401349,
            28.5064539
          ],
          [
            76.943018,
            28.5048838
          ],
          [
            76.9435865,
            28.5047125
          ],
          [
            76.9503272,
            28.5047982
          ],
          [
            76.9515778,
            28.5048339
          ],
          [
            76.9529341,
            28.5049909
          ],
          [
            76.9537868,
            28.5052835
          ],
          [
            76.9551025,
            28.5059543
          ],
          [
            76.9564994,
            28.5069892
          ],
          [
            76.9576932,
            28.5079027
          ],
          [
            76.9598859,
            28.5095227
          ],
          [
            76.9618757,
            28.5109143
          ],
          [
            76.9644988,
            28.5126555
          ],
          [
            76.9648481,
            28.5129082
          ],
          [
            76.9654653,
            28.5132193
          ],
          [
            76.9675119,
            28.5140114
          ],
          [
            76.9688194,
            28.5145538
          ],
          [
            76.9709147,
            28.5160238
          ],
          [
            76.9731562,
            28.5174724
          ],
          [
            76.9747885,
            28.5183644
          ],
          [
            76.9752352,
            28.5187712
          ],
          [
            76.9753164,
            28.5191494
          ],
          [
            76.9752491,
            28.5194451
          ],
          [
            76.974424,
            28.5213746
          ],
          [
            76.9733455,
            28.5234525
          ],
          [
            76.9730986,
            28.524149
          ],
          [
            76.9733844,
            28.5246912
          ],
          [
            76.9744435,
            28.5252393
          ],
          [
            76.9759443,
            28.5255818
          ],
          [
            76.9802583,
            28.525342
          ],
          [
            76.982097,
            28.5253991
          ],
          [
            76.9838512,
            28.5256845
          ],
          [
            76.9848807,
            28.5259333
          ],
          [
            76.9858978,
            28.5265236
          ],
          [
            76.9871257,
            28.5269803
          ],
          [
            76.9881847,
            28.5273399
          ],
          [
            76.9910369,
            28.527534
          ],
          [
            76.9937007,
            28.5279393
          ],
          [
            76.9953055,
            28.5281961
          ],
          [
            76.9967803,
            28.5285044
          ],
          [
            76.998554,
            28.5291779
          ],
          [
            76.999704,
            28.5297316
          ],
          [
            77.0004187,
            28.5303938
          ],
          [
            77.000737,
            28.5311872
          ],
          [
            77.0009059,
            28.5317352
          ],
          [
            77.0010554,
            28.5333106
          ],
          [
            77.0011658,
            28.5337158
          ],
          [
            77.0014062,
            28.5339441
          ],
          [
            77.001757,
            28.5344008
          ],
          [
            77.0027576,
            28.5362672
          ],
          [
            77.0037776,
            28.538145
          ],
          [
            77.0044078,
            28.5391781
          ],
          [
            77.0049601,
            28.5396176
          ],
          [
            77.0056748,
            28.5399087
          ],
          [
            77.0066493,
            28.5404052
          ],
          [
            77.007286,
            28.5411301
          ],
          [
            77.0077018,
            28.5414954
          ],
          [
            77.0079552,
            28.5426654
          ],
          [
            77.008462,
            28.5435386
          ],
          [
            77.0092676,
            28.5440523
          ],
          [
            77.0103655,
            28.5447993
          ],
          [
            77.0116196,
            28.5453022
          ],
          [
            77.0125644,
            28.5458354
          ],
          [
            77.0135146,
            28.5470624
          ],
          [
            77.0140831,
            28.5478685
          ],
          [
            77.0146029,
            28.5493738
          ],
          [
            77.015147,
            28.5503368
          ],
          [
            77.0159997,
            28.5515353
          ],
          [
            77.0171773,
            28.5524983
          ],
          [
            77.019094,
            28.5537681
          ],
          [
            77.0207101,
            28.5548096
          ],
          [
            77.021977,
            28.5562648
          ],
          [
            77.0226998,
            28.5572563
          ],
          [
            77.0238855,
            28.5597458
          ],
          [
            77.0242266,
            28.5606232
          ],
          [
            77.0242901,
            28.5607295
          ],
          [
            77.0251037,
            28.5620926
          ],
          [
            77.0259321,
            28.563298
          ],
          [
            77.0271422,
            28.564425
          ],
          [
            77.0279949,
            28.5656091
          ],
          [
            77.0298643,
            28.5688195
          ],
          [
            77.0300009,
            28.5690541
          ],
          [
            77.0309267,
            28.5698886
          ],
          [
            77.0327946,
            28.5709727
          ],
          [
            77.034427,
            28.5723493
          ],
          [
            77.0350117,
            28.5729626
          ],
          [
            77.0355477,
            28.574118
          ],
          [
            77.0361406,
            28.5755302
          ],
          [
            77.0368309,
            28.5766499
          ],
          [
            77.0374319,
            28.5772561
          ],
          [
            77.037708,
            28.5777696
          ],
          [
            77.0376674,
            28.5786468
          ],
          [
            77.0371314,
            28.5795383
          ],
          [
            77.0360756,
            28.5800589
          ],
          [
            77.0340859,
            28.5806152
          ],
          [
            77.0293999,
            28.5819916
          ],
          [
            77.0206695,
            28.5838316
          ],
          [
            77.0181113,
            28.5843735
          ],
          [
            77.0173235,
            28.5850082
          ],
          [
            77.0170718,
            28.5864773
          ],
          [
            77.0175184,
            28.5877894
          ],
          [
            77.0184037,
            28.5892799
          ],
          [
            77.0185336,
            28.5908986
          ],
          [
            77.0183833,
            28.5914381
          ],
          [
            77.0179817,
            28.5917627
          ],
          [
            77.0172667,
            28.5919682
          ],
          [
            77.015951,
            28.5920681
          ],
          [
            77.0148546,
            28.5917971
          ],
          [
            77.0128406,
            28.5911553
          ],
          [
            77.0115249,
            28.5911482
          ],
          [
            77.0107534,
            28.5916545
          ],
          [
            77.0104123,
            28.5926813
          ],
          [
            77.0104935,
            28.5936297
          ],
          [
            77.0109889,
            28.5944783
          ],
          [
            77.0117767,
            28.5950274
          ],
          [
            77.0139126,
            28.5957761
          ],
          [
            77.0146191,
            28.5966246
          ],
          [
            77.0151308,
            28.597901
          ],
          [
            77.0152498,
            28.5985088
          ],
          [
            77.0152526,
            28.5993699
          ],
          [
            77.0149765,
            28.6000045
          ],
          [
            77.0145495,
            28.6007239
          ],
          [
            77.0141725,
            28.6013592
          ],
          [
            77.0133522,
            28.6020295
          ],
          [
            77.0115818,
            28.6031988
          ],
          [
            77.0108265,
            28.6042256
          ],
          [
            77.0104123,
            28.6053093
          ],
          [
            77.0101524,
            28.60573
          ],
          [
            77.0102174,
            28.6064002
          ],
          [
            77.0102892,
            28.6064751
          ],
          [
            77.0106072,
            28.6068066
          ],
          [
            77.0110051,
            28.6075268
          ],
          [
            77.0121502,
            28.6090383
          ],
          [
            77.0131248,
            28.6100008
          ],
          [
            77.014611,
            28.610785
          ],
          [
            77.0155937,
            28.6114267
          ],
          [
            77.0162109,
            28.6120898
          ],
          [
            77.0168362,
            28.6136226
          ],
          [
            77.0174372,
            28.615298
          ],
          [
            77.0187123,
            28.6165029
          ],
          [
            77.020434,
            28.6175366
          ],
          [
            77.0214329,
            28.6181426
          ],
          [
            77.0219445,
            28.6192975
          ],
          [
            77.0221811,
            28.6202088
          ],
          [
            77.0224159,
            28.6208378
          ],
          [
            77.0225041,
            28.6213024
          ],
          [
            77.0224788,
            28.6217384
          ],
          [
            77.0224032,
            28.6223817
          ],
          [
            77.0224887,
            28.6228263
          ],
          [
            77.0226267,
            28.6244944
          ],
          [
            77.0227161,
            28.6261412
          ],
          [
            77.0226467,
            28.6275072
          ],
          [
            77.0224075,
            28.628073
          ],
          [
            77.02231,
            28.6286647
          ],
          [
            77.0235932,
            28.6306606
          ],
          [
            77.0242208,
            28.6314593
          ],
          [
            77.024797,
            28.6323613
          ],
          [
            77.0250822,
            28.6332581
          ],
          [
            77.0251891,
            28.6343269
          ],
          [
            77.0249158,
            28.6351976
          ],
          [
            77.0247436,
            28.6356407
          ],
          [
            77.024506,
            28.6364123
          ],
          [
            77.0245,
            28.6374811
          ],
          [
            77.0245594,
            28.6379972
          ],
          [
            77.024898,
            28.639212
          ],
          [
            77.0252128,
            28.6401139
          ],
          [
            77.0255158,
            28.6408803
          ],
          [
            77.0259138,
            28.6413077
          ],
          [
            77.026888,
            28.641876
          ],
          [
            77.027583,
            28.6423035
          ],
          [
            77.0287472,
            28.6431428
          ],
          [
            77.0296442,
            28.6437788
          ],
          [
            77.0306956,
            28.6444044
          ],
          [
            77.0316045,
            28.6451447
          ],
          [
            77.0328875,
            28.646375
          ],
          [
            77.033832,
            28.647209
          ],
          [
            77.0346221,
            28.647819
          ],
          [
            77.0357269,
            28.648554
          ],
          [
            77.036814,
            28.6490857
          ],
          [
            77.0376337,
            28.6494245
          ],
          [
            77.0382931,
            28.6496435
          ],
          [
            77.0401464,
            28.6502742
          ],
          [
            77.0406097,
            28.6503785
          ],
          [
            77.0409127,
            28.6506131
          ],
          [
            77.041214,
            28.6507711
          ],
          [
            77.0415126,
            28.6508164
          ],
          [
            77.0420116,
            28.6507226
          ],
          [
            77.0429323,
            28.6507382
          ],
          [
            77.0441382,
            28.6508216
          ],
          [
            77.0454094,
            28.6508477
          ],
          [
            77.0464846,
            28.6508268
          ],
          [
            77.0467201,
            28.6508016
          ],
          [
            77.0469716,
            28.6507747
          ],
          [
            77.0473875,
            28.6509259
          ],
          [
            77.0479874,
            28.6509676
          ],
          [
            77.0487359,
            28.6508633
          ],
          [
            77.0497279,
            28.6506183
          ],
          [
            77.0507615,
            28.6503055
          ],
          [
            77.0515099,
            28.6500605
          ],
          [
            77.052395,
            28.6497217
          ],
          [
            77.052894,
            28.649289
          ],
          [
            77.053987,
            28.6482308
          ],
          [
            77.055775,
            28.6466877
          ],
          [
            77.0562086,
            28.6461977
          ],
          [
            77.0564284,
            28.6457285
          ],
          [
            77.0567788,
            28.6448006
          ],
          [
            77.0569452,
            28.6440968
          ],
          [
            77.0567788,
            28.642804
          ],
          [
            77.0565472,
            28.6412556
          ],
          [
            77.0565709,
            28.6404163
          ],
          [
            77.0566897,
            28.6398272
          ],
          [
            77.0572184,
            28.6390451
          ],
          [
            77.0575808,
            28.6386854
          ],
          [
            77.057955,
            28.6384456
          ],
          [
            77.0582223,
            28.6383883
          ],
          [
            77.0586797,
            28.6383726
          ],
          [
            77.0591846,
            28.6387011
          ],
          [
            77.0595767,
            28.6392433
          ],
          [
            77.0597424,
            28.6393647
          ],
          [
            77.0601885,
            28.6396916
          ],
          [
            77.0607885,
            28.6402129
          ],
          [
            77.061329,
            28.6405675
          ],
          [
            77.0625408,
            28.6413494
          ],
          [
            77.0636338,
            28.6421627
          ],
          [
            77.0645189,
            28.6430281
          ],
          [
            77.0658019,
            28.6439404
          ],
          [
            77.0663663,
            28.6444461
          ],
          [
            77.0669365,
            28.6450613
          ],
          [
            77.068576,
            28.6463437
          ],
          [
            77.0694433,
            28.6470474
          ],
          [
            77.0710471,
            28.6484237
          ],
          [
            77.071956,
            28.6491535
          ],
          [
            77.0724371,
            28.6496383
          ],
          [
            77.0733935,
            28.6505193
          ],
          [
            77.0740469,
            28.6511135
          ],
          [
            77.0744746,
            28.6516765
          ],
          [
            77.0745577,
            28.6519997
          ],
          [
            77.0745459,
            28.6523281
          ],
          [
            77.0745577,
            28.6524897
          ],
          [
            77.0746063,
            28.6525732
          ],
          [
            77.0747359,
            28.6526721
          ],
          [
            77.074932,
            28.6526721
          ],
          [
            77.0752527,
            28.6527503
          ],
          [
            77.0756448,
            28.6529171
          ],
          [
            77.0761972,
            28.6532924
          ],
          [
            77.0769932,
            28.6539075
          ],
          [
            77.0778486,
            28.654335
          ],
          [
            77.078799,
            28.6548198
          ],
          [
            77.0795594,
            28.6550856
          ],
          [
            77.0806761,
            28.6553775
          ],
          [
            77.0817335,
            28.6557997
          ],
          [
            77.0822443,
            28.6559822
          ],
          [
            77.0830106,
            28.6560969
          ],
          [
            77.0841749,
            28.6558258
          ],
          [
            77.085054,
            28.6556434
          ],
          [
            77.0865331,
            28.6552316
          ],
          [
            77.0880419,
            28.6547989
          ],
          [
            77.0891349,
            28.654408
          ],
          [
            77.090121,
            28.6545435
          ],
          [
            77.090608,
            28.6546008
          ],
          [
            77.0916238,
            28.6548719
          ],
          [
            77.0927109,
            28.6554609
          ],
          [
            77.0932039,
            28.6557424
          ],
          [
            77.0938098,
            28.6561594
          ],
          [
            77.0950691,
            28.6576971
          ],
          [
            77.0955859,
            28.65826
          ],
          [
            77.0966492,
            28.6589429
          ],
          [
            77.0973858,
            28.659412
          ],
          [
            77.0981045,
            28.6600218
          ],
          [
            77.0985263,
            28.6604857
          ],
          [
            77.0988114,
            28.6608506
          ],
          [
            77.0992911,
            28.6610109
          ],
          [
            77.0996965,
            28.6609601
          ],
          [
            77.1005222,
            28.6607828
          ],
          [
            77.1018706,
            28.6610435
          ],
          [
            77.1029873,
            28.6611451
          ],
          [
            77.1057911,
            28.6610356
          ],
          [
            77.1076979,
            28.6608428
          ],
          [
            77.1091057,
            28.6606656
          ],
          [
            77.1101215,
            28.6606395
          ],
          [
            77.1107749,
            28.6606812
          ],
          [
            77.111654,
            28.6607229
          ],
          [
            77.1136202,
            28.6610096
          ],
          [
            77.1148083,
            28.6615308
          ],
          [
            77.1156696,
            28.66188
          ],
          [
            77.1179862,
            28.662026
          ],
          [
            77.1188,
            28.6617966
          ],
          [
            77.1191564,
            28.6614266
          ],
          [
            77.1203148,
            28.6608689
          ],
          [
            77.1212771,
            28.6600557
          ],
          [
            77.1220493,
            28.6594928
          ],
          [
            77.1226314,
            28.6592322
          ],
          [
            77.1235165,
            28.6588986
          ],
          [
            77.1247224,
            28.6588412
          ],
          [
            77.1255065,
            28.6590393
          ],
          [
            77.1265282,
            28.6593677
          ],
          [
            77.1274251,
            28.6599358
          ],
          [
            77.1281795,
            28.6601704
          ],
          [
            77.1284706,
            28.6603007
          ],
          [
            77.1303833,
            28.6615412
          ],
          [
            77.1318743,
            28.6626567
          ],
          [
            77.1338168,
            28.6641213
          ],
          [
            77.134684,
            28.6649344
          ],
          [
            77.1353968,
            28.6655025
          ],
          [
            77.136769,
            28.6665241
          ],
          [
            77.1374046,
            28.6669254
          ],
          [
            77.1378679,
            28.6671912
          ],
          [
            77.138361,
            28.6672433
          ],
          [
            77.1386639,
            28.6672016
          ],
          [
            77.1396559,
            28.6671652
          ],
          [
            77.1405173,
            28.6671391
          ],
          [
            77.1417231,
            28.6671078
          ],
          [
            77.1429111,
            28.6670401
          ],
          [
            77.1434695,
            28.6669463
          ],
          [
            77.1441467,
            28.6670296
          ],
          [
            77.145109,
            28.6671547
          ],
          [
            77.1468613,
            28.6673997
          ],
          [
            77.1486315,
            28.6674987
          ],
          [
            77.1492196,
            28.6676238
          ],
          [
            77.1500809,
            28.6677437
          ],
          [
            77.1508294,
            28.6678323
          ],
          [
            77.1514828,
            28.6680199
          ],
          [
            77.1525817,
            28.668244
          ],
          [
            77.1533183,
            28.6684421
          ],
          [
            77.1538232,
            28.668932
          ],
          [
            77.1544053,
            28.6694324
          ],
          [
            77.1552013,
            28.6699796
          ],
          [
            77.1560924,
            28.670407
          ],
          [
            77.1570071,
            28.6707093
          ],
          [
            77.1576012,
            28.6708656
          ],
          [
            77.1576962,
            28.6709125
          ],
          [
            77.157916,
            28.6713034
          ],
          [
            77.1581892,
            28.6714754
          ],
          [
            77.1590208,
            28.6717621
          ],
          [
            77.1592882,
            28.6718194
          ],
          [
            77.1594426,
            28.6718767
          ],
          [
            77.1595792,
            28.6721582
          ],
          [
            77.1596624,
            28.6722415
          ],
          [
            77.1597812,
            28.6722832
          ],
          [
            77.1598542,
            28.6723068
          ],
          [
            77.1601056,
            28.6723878
          ],
          [
            77.1610561,
            28.672664
          ],
          [
            77.1623332,
            28.6729871
          ],
          [
            77.1636935,
            28.6734145
          ],
          [
            77.1645608,
            28.6737689
          ],
          [
            77.1654815,
            28.6742692
          ],
          [
            77.1668002,
            28.6752229
          ],
          [
            77.1670182,
            28.6753482
          ]
        ]
      }
    },
    {
      "type": "Feature",
      "properties": {
        "natural": "water",
        "water": "pond"
      },
      "geometry": {
        "type": "LineString",
        "coordinates": [
          [
            77.0181101,
            28.605335
          ],
          [
            77.0177686,
            28.6053035
          ],
          [
            77.0174595,
            28.6051442
          ],
          [
            77.0172149,
            28.6049751
          ],
          [
            77.0172063,
            28.604859
          ],
          [
            77.0172386,
            28.6047213
          ],
          [
            77.017483,
            28.6045927
          ],
          [
            77.0179599,
            28.6045061
          ],
          [
            77.0183247,
            28.6045814
          ],
          [
            77.0181101,
            28.605335
          ]
        ]
      }
    },
    {
      "type": "Feature",
      "properties": {
        "waterway": "canal",
        "width": "4"
      },
      "geometry": {
        "type": "LineString",
        "coordinates": [
          [
            77.0220292,
            28.6001569
          ],
          [
            77.020525,
            28.6002536
          ],
          [
            77.020365,
            28.5987184
          ],
          [
            77.0203536,
            28.5984073
          ],
          [
            77.0203479,
            28.5982869
          ],
          [
            77.0203136,
            28.5982367
          ],
          [
            77.0188883,
            28.5983659
          ],
          [
            77.0185478,
            28.5984086
          ],
          [
            77.0165754,
            28.5985409
          ]
        ]
      }
    },
    {
      "type": "Feature",
      "properties": {
        "waterway": "canal"
      },
      "geometry": {
        "type": "LineString",
        "coordinates": [
          [
            77.0296361,
            28.5956531
          ],
          [
            77.0295504,
            28.5954223
          ],
          [
            77.0272075,
            28.5926828
          ],
          [
            77.0270417,
            28.5925524
          ],
          [
            77.0268075,
            28.5923366
          ],
          [
            77.0265046,
            28.5919954
          ],
          [
            77.0264075,
            28.5919754
          ],
          [
            77.0258589,
            28.5919302
          ],
          [
            77.0257789,
            28.591875
          ],
          [
            77.0256474,
            28.5917646
          ],
          [
            77.0255503,
            28.5917445
          ],
          [
            77.0239445,
            28.591599
          ],
          [
            77.0238645,
            28.5916141
          ],
          [
            77.0238074,
            28.5916592
          ],
          [
            77.0236188,
            28.5920807
          ],
          [
            77.0235731,
            28.5921158
          ],
          [
            77.0235045,
            28.5921209
          ]
        ]
      }
    },
    {
      "type": "Feature",
      "properties": {
        "layer": "-1",
        "source": "bing",
        "tunnel": "culvert",
        "waterway": "canal",
        "width": "4"
      },
      "geometry": {
        "type": "LineString",
        "coordinates": [
          [
            77.0226807,
            28.6002221
          ],
          [
            77.0220292,
            28.6001569
          ]
        ]
      }
    },
    {
      "type": "Feature",
      "properties": {
        "layer": "-1",
        "source": "bing",
        "tunnel": "culvert",
        "waterway": "canal"
      },
      "geometry": {
        "type": "LineString",
        "coordinates": [
          [
            77.0298704,
            28.5959492
          ],
          [
            77.0296361,
            28.5956531
          ]
        ]
      }
    },
    {
      "type": "Feature",
      "properties": {
        "waterway": "canal",
        "width": "4"
      },
      "geometry": {
        "type": "LineString",
        "coordinates": [
          [
            77.0354568,
            28.6022956
          ],
          [
            77.0353368,
            28.6021702
          ],
          [
            77.0352053,
            28.6020046
          ],
          [
            77.0351253,
            28.6019143
          ],
          [
            77.035011,
            28.6018892
          ],
          [
            77.0348739,
            28.6018792
          ],
          [
            77.0348053,
            28.6018591
          ],
          [
            77.03472,
            28.6017342
          ],
          [
            77.034651,
            28.6016333
          ],
          [
            77.0314453,
            28.5979407
          ],
          [
            77.0313595,
            28.5978905
          ],
          [
            77.0312967,
            28.5979006
          ],
          [
            77.0312504,
            28.5979314
          ],
          [
            77.030135,
            28.5986725
          ],
          [
            77.0300509,
            28.5987284
          ],
          [
            77.0299195,
            28.5987936
          ],
          [
            77.0297824,
            28.5987936
          ],
          [
            77.0296338,
            28.5987585
          ],
          [
            77.0295595,
            28.5986983
          ],
          [
            77.0291424,
            28.5982167
          ],
          [
            77.0290966,
            28.5981815
          ],
          [
            77.0290281,
            28.5981765
          ],
          [
            77.0289481,
            28.5982066
          ],
          [
            77.0286338,
            28.5984173
          ],
          [
            77.0264794,
            28.5998573
          ],
          [
            77.0262109,
            28.6000379
          ],
          [
            77.0249823,
            28.6008306
          ],
          [
            77.0241251,
            28.5998773
          ],
          [
            77.0226807,
            28.6002221
          ]
        ]
      }
    },
    {
      "type": "Feature",
      "properties": {
        "layer": "-1",
        "source": "bing",
        "tunnel": "culvert",
        "waterway": "canal"
      },
      "geometry": {
        "type": "LineString",
        "coordinates": [
          [
            77.0235045,
            28.5921209
          ],
          [
            77.0233617,
            28.5921008
          ],
          [
            77.0228457,
            28.5919467
          ]
        ]
      }
    },
    {
      "type": "Feature",
      "properties": {
        "waterway": "canal"
      },
      "geometry": {
        "type": "LineString",
        "coordinates": [
          [
            77.0228457,
            28.5919467
          ],
          [
            77.0206645,
            28.5913231
          ],
          [
            77.0205159,
            28.591308
          ],
          [
            77.0203559,
            28.5913181
          ],
          [
            77.0194016,
            28.5915288
          ],
          [
            77.0188154,
            28.5916151
          ],
          [
            77.0183833,
            28.5914381
          ]
        ]
      }
    },
    {
      "type": "Feature",
      "properties": {
        "waterway": "canal",
        "width": "4"
      },
      "geometry": {
        "type": "LineString",
        "coordinates": [
          [
            77.0157564,
            28.5985527
          ],
          [
            77.01571,
            28.5985488
          ],
          [
            77.0152498,
            28.5985088
          ]
        ]
      }
    },
    {
      "type": "Feature",
      "properties": {
        "layer": "-1",
        "tunnel": "culvert",
        "waterway": "canal",
        "width": "4"
      },
      "geometry": {
        "type": "LineString",
        "coordinates": [
          [
            77.0165754,
            28.5985409
          ],
          [
            77.0157564,
            28.5985527
          ]
        ]
      }
    },
    {
      "type": "Feature",
      "properties": {
        "natural": "water",
        "water": "pond"
      },
      "geometry": {
        "type": "LineString",
        "coordinates": [
          [
            77.0233306,
            28.590438
          ],
          [
            77.0232528,
            28.5904616
          ],
          [
            77.0231804,
            28.5904404
          ],
          [
            77.0226467,
            28.5902425
          ],
          [
            77.0225421,
            28.590153
          ],
          [
            77.0223409,
            28.5896938
          ],
          [
            77.0223945,
            28.5895195
          ],
          [
            77.0224401,
            28.5894112
          ],
          [
            77.0226118,
            28.5892557
          ],
          [
            77.0229122,
            28.5891403
          ],
          [
            77.0231321,
            28.5890956
          ],
          [
            77.0231938,
            28.5891427
          ],
          [
            77.0233548,
            28.5894017
          ],
          [
            77.0234379,
            28.5894088
          ],
          [
            77.0234674,
            28.589357
          ],
          [
            77.0234567,
            28.5890532
          ],
          [
            77.0234969,
            28.5890108
          ],
          [
            77.0236042,
            28.5890179
          ],
          [
            77.0238081,
            28.5890697
          ],
          [
            77.0238295,
            28.5892463
          ],
          [
            77.0239046,
            28.5893382
          ],
          [
            77.0239046,
            28.5894182
          ],
          [
            77.0237732,
            28.5894865
          ],
          [
            77.0236176,
            28.5895949
          ],
          [
            77.0235908,
            28.589649
          ],
          [
            77.0236418,
            28.5897173
          ],
          [
            77.0237222,
            28.5897974
          ],
          [
            77.0237222,
            28.589894
          ],
          [
            77.0233306,
            28.590438
          ]
        ]
      }
    },
    {
      "type": "Feature",
      "properties": {
        "natural": "water",
        "water": "river"
      },
      "geometry": {
        "type": "LineString",
        "coordinates": [
          [
            77.0320678,
            28.6450821
          ],
          [
            77.0324777,
            28.6454992
          ],
          [
            77.0330895,
            28.64601
          ],
          [
            77.0337607,
            28.6465626
          ],
          [
            77.0343013,
            28.6469797
          ],
          [
            77.0350082,
            28.6474541
          ],
          [
            77.0356081,
            28.6478763
          ],
          [
            77.0363209,
            28.6483298
          ],
          [
            77.0370456,
            28.6487156
          ],
          [
            77.0376575,
            28.6490232
          ],
          [
            77.0380614,
            28.6491222
          ],
          [
            77.0388871,
            28.6494298
          ],
          [
            77.0397009,
            28.6497217
          ],
          [
            77.0404672,
            28.6499771
          ],
          [
            77.0410612,
            28.6500762
          ],
          [
            77.0413463,
            28.6501074
          ],
          [
            77.0413047,
            28.6503107
          ],
          [
            77.0411325,
            28.6502951
          ],
          [
            77.0410196,
            28.6503107
          ],
          [
            77.0410018,
            28.6503994
          ],
          [
            77.041079,
            28.6505349
          ],
          [
            77.0412572,
            28.6505662
          ],
          [
            77.041214,
            28.6507711
          ],
          [
            77.0411681,
            28.6509884
          ],
          [
            77.0409067,
            28.6508581
          ],
          [
            77.040687,
            28.6507747
          ],
          [
            77.0404256,
            28.6507486
          ],
          [
            77.0401405,
            28.6507017
          ],
          [
            77.0396237,
            28.650514
          ],
          [
            77.0391544,
            28.6503107
          ],
          [
            77.0381683,
            28.6499146
          ],
          [
            77.0376931,
            28.6498364
          ],
          [
            77.0371882,
            28.6495914
          ],
          [
            77.0365704,
            28.6493724
          ],
          [
            77.0358873,
            28.6489345
          ],
          [
            77.0349844,
            28.6483298
          ],
          [
            77.0344914,
            28.6480066
          ],
          [
            77.0338558,
            28.6475479
          ],
          [
            77.0329766,
            28.6468493
          ],
          [
            77.0323589,
            28.6463593
          ],
          [
            77.0319015,
            28.6459944
          ],
          [
            77.0314263,
            28.6454939
          ],
          [
            77.0305352,
            28.6447328
          ],
          [
            77.0301432,
            28.6444148
          ],
          [
            77.0294838,
            28.6439509
          ],
          [
            77.0289136,
            28.6435703
          ],
          [
            77.0282839,
            28.643148
          ],
          [
            77.0276246,
            28.6427049
          ],
          [
            77.0271256,
            28.6423556
          ],
          [
            77.0264543,
            28.6418656
          ],
          [
            77.0258009,
            28.6415006
          ],
          [
            77.0255277,
            28.6413442
          ],
          [
            77.0253138,
            28.6411357
          ],
          [
            77.0250287,
            28.6407603
          ],
          [
            77.0249337,
            28.6403693
          ],
          [
            77.0247258,
            28.6397802
          ],
          [
            77.0244763,
            28.6389409
          ],
          [
            77.0243278,
            28.6382058
          ],
          [
            77.0242743,
            28.6377209
          ],
          [
            77.0242268,
            28.6375072
          ],
          [
            77.0242446,
            28.6368868
          ],
          [
            77.024203,
            28.6364801
          ],
          [
            77.0241733,
            28.6360995
          ],
          [
            77.024209,
            28.6356199
          ],
          [
            77.0242565,
            28.6353905
          ],
          [
            77.0243099,
            28.6351506
          ],
          [
            77.0244822,
            28.6344989
          ],
          [
            77.0246723,
            28.6339359
          ],
          [
            77.0247317,
            28.6336752
          ],
          [
            77.0247139,
            28.6331121
          ],
          [
            77.0245713,
            28.6325959
          ],
          [
            77.0243634,
            28.6321267
          ],
          [
            77.0237516,
            28.6313655
          ],
          [
            77.023211,
            28.6306303
          ],
          [
            77.0224091,
            28.6295511
          ],
          [
            77.0222368,
            28.6292904
          ],
          [
            77.0219992,
            28.6288263
          ],
          [
            77.0218923,
            28.6285761
          ],
          [
            77.0218567,
            28.6283623
          ],
          [
            77.0218388,
            28.6281225
          ],
          [
            77.0218745,
            28.6279452
          ],
          [
            77.021827,
            28.6276532
          ],
          [
            77.0217854,
            28.6275281
          ],
          [
            77.0217022,
            28.6274655
          ],
          [
            77.0216757,
            28.627326
          ],
          [
            77.0216488,
            28.6271839
          ],
          [
            77.0216666,
            28.6270797
          ],
          [
            77.0215834,
            28.6267564
          ],
          [
            77.0216191,
            28.6266678
          ],
          [
            77.0216547,
            28.626527
          ],
          [
            77.0216133,
            28.6263335
          ],
          [
            77.0216072,
            28.6262298
          ],
          [
            77.0215775,
            28.6260369
          ],
          [
            77.0215299,
            28.6256406
          ],
          [
            77.0214646,
            28.6250775
          ],
          [
            77.0213636,
            28.6228719
          ],
          [
            77.021322,
            28.6222931
          ],
          [
            77.0212448,
            28.6215005
          ],
          [
            77.0212329,
            28.6208644
          ],
          [
            77.0211542,
            28.6204392
          ],
          [
            77.021589,
            28.620328
          ],
          [
            77.021726,
            28.6208174
          ],
          [
            77.0218388,
            28.6220167
          ],
          [
            77.0218923,
            28.6228823
          ],
          [
            77.021922,
            28.6235393
          ],
          [
            77.0220111,
            28.6244726
          ],
          [
            77.022017,
            28.6249628
          ],
          [
            77.0220349,
            28.6254894
          ],
          [
            77.0220408,
            28.6261464
          ],
          [
            77.0220586,
            28.6266938
          ],
          [
            77.0221002,
            28.6272569
          ],
          [
            77.0221477,
            28.627429
          ],
          [
            77.0221774,
            28.627575
          ],
          [
            77.022314,
            28.6277001
          ],
          [
            77.0224507,
            28.6276845
          ],
          [
            77.0225338,
            28.6274081
          ],
          [
            77.0225457,
            28.6264383
          ],
          [
            77.0225101,
            28.6259586
          ],
          [
            77.0225041,
            28.6252495
          ],
          [
            77.022421,
            28.6238991
          ],
          [
            77.0224269,
            28.6232212
          ],
          [
            77.0222725,
            28.6228406
          ],
          [
            77.0222784,
            28.6223922
          ],
          [
            77.0222962,
            28.6219855
          ],
          [
            77.0223675,
            28.6214171
          ],
          [
            77.02232,
            28.6210573
          ],
          [
            77.0222012,
            28.6206819
          ],
          [
            77.0219983,
            28.620231
          ],
          [
            77.0221811,
            28.6202088
          ],
          [
            77.022402,
            28.620196
          ],
          [
            77.0224982,
            28.6206402
          ],
          [
            77.0225992,
            28.621365
          ],
          [
            77.0225814,
            28.6221367
          ],
          [
            77.022516,
            28.6223609
          ],
          [
            77.0225635,
            28.6226424
          ],
          [
            77.022712,
            28.6229709
          ],
          [
            77.0227893,
            28.6232786
          ],
          [
            77.0227952,
            28.6235966
          ],
          [
            77.0228308,
            28.6248063
          ],
          [
            77.0228546,
            28.6254164
          ],
          [
            77.0228487,
            28.6258492
          ],
          [
            77.0228724,
            28.6267251
          ],
          [
            77.0228784,
            28.6273247
          ],
          [
            77.0227477,
            28.6277888
          ],
          [
            77.0226229,
            28.6280495
          ],
          [
            77.0226823,
            28.6284874
          ],
          [
            77.0228546,
            28.6287116
          ],
          [
            77.0233358,
            28.6294207
          ],
          [
            77.0238525,
            28.6301924
          ],
          [
            77.0241436,
            28.6305782
          ],
          [
            77.0246604,
            28.6312508
          ],
          [
            77.0250228,
            28.6317409
          ],
          [
            77.0253554,
            28.6323144
          ],
          [
            77.0255039,
            28.6327784
          ],
          [
            77.0255574,
            28.6331642
          ],
          [
            77.0255574,
            28.6335083
          ],
          [
            77.0254208,
            28.634207
          ],
          [
            77.0252425,
            28.6348639
          ],
          [
            77.0251119,
            28.6352236
          ],
          [
            77.0250287,
            28.6355365
          ],
          [
            77.0249396,
            28.6358441
          ],
          [
            77.0249634,
            28.6364749
          ],
          [
            77.0250406,
            28.637038
          ],
          [
            77.0250703,
            28.6374081
          ],
          [
            77.0250881,
            28.6376271
          ],
          [
            77.0252307,
            28.6383465
          ],
          [
            77.0253792,
            28.6388835
          ],
          [
            77.025492,
            28.6393632
          ],
          [
            77.0256702,
            28.6401921
          ],
          [
            77.0258069,
            28.6406144
          ],
          [
            77.0259375,
            28.6406926
          ],
          [
            77.0261573,
            28.6408855
          ],
          [
            77.0266325,
            28.6411461
          ],
          [
            77.0269533,
            28.6413651
          ],
          [
            77.0277909,
            28.6419021
          ],
          [
            77.0284205,
            28.6423035
          ],
          [
            77.0288898,
            28.6426632
          ],
          [
            77.0295313,
            28.6431011
          ],
          [
            77.0300363,
            28.6434139
          ],
          [
            77.0306422,
            28.6438205
          ],
          [
            77.0311886,
            28.6442584
          ],
          [
            77.0316579,
            28.6446963
          ],
          [
            77.0320678,
            28.6450821
          ]
        ]
      }
    },
    {
      "type": "Feature",
      "properties": {
        "natural": "water",
        "water": "canal"
      },
      "geometry": {
        "type": "LineString",
        "coordinates": [
          [
            77.0243337,
            28.6339411
          ],
          [
            77.024209,
            28.6342695
          ],
          [
            77.0239951,
            28.6350516
          ],
          [
            77.023912,
            28.6353644
          ],
          [
            77.0238169,
            28.6358441
          ],
          [
            77.0238466,
            28.6362299
          ],
          [
            77.0238704,
            28.6368138
          ],
          [
            77.0238525,
            28.6371579
          ],
          [
            77.0239001,
            28.6378043
          ],
          [
            77.0240723,
            28.6385603
          ],
          [
            77.0243099,
            28.6394779
          ],
          [
            77.0245357,
            28.6403172
          ],
          [
            77.0247911,
            28.6409793
          ],
          [
            77.0251,
            28.6414172
          ],
          [
            77.0253911,
            28.6416675
          ],
          [
            77.0258128,
            28.6418916
          ],
          [
            77.0266088,
            28.6423452
          ],
          [
            77.0275176,
            28.6430073
          ],
          [
            77.0288126,
            28.6438935
          ],
          [
            77.029965,
            28.6446911
          ],
          [
            77.0304164,
            28.6450769
          ],
          [
            77.0310817,
            28.645692
          ],
          [
            77.0315926,
            28.6461612
          ],
          [
            77.0320381,
            28.6465053
          ],
          [
            77.0324777,
            28.6468493
          ],
          [
            77.0337845,
            28.6478607
          ],
          [
            77.0346815,
            28.6484966
          ],
          [
            77.0356913,
            28.6491795
          ],
          [
            77.0368021,
            28.6497582
          ],
          [
            77.0375209,
            28.6500814
          ],
          [
            77.0378832,
            28.65017
          ],
          [
            77.0385129,
            28.6503472
          ],
          [
            77.0394573,
            28.6507538
          ],
          [
            77.0401167,
            28.6509676
          ],
          [
            77.0405325,
            28.6510301
          ],
          [
            77.0409127,
            28.65115
          ],
          [
            77.0410849,
            28.6512595
          ],
          [
            77.0413998,
            28.6512855
          ],
          [
            77.0417502,
            28.6512595
          ],
          [
            77.0420473,
            28.6512438
          ],
          [
            77.04257,
            28.6512647
          ],
          [
            77.0433778,
            28.6513846
          ],
          [
            77.0440728,
            28.6514002
          ],
          [
            77.0446075,
            28.651468
          ],
          [
            77.0454331,
            28.651494
          ],
          [
            77.0461816,
            28.6515045
          ],
          [
            77.0465202,
            28.6515097
          ],
          [
            77.0466093,
            28.6516609
          ],
          [
            77.0465855,
            28.6518954
          ],
          [
            77.0465024,
            28.6519319
          ],
          [
            77.0461103,
            28.6519319
          ],
          [
            77.0454688,
            28.6519476
          ],
          [
            77.0445184,
            28.6518798
          ],
          [
            77.0439422,
            28.6518225
          ],
          [
            77.0432056,
            28.6517703
          ],
          [
            77.0425403,
            28.651713
          ],
          [
            77.0420532,
            28.6516556
          ],
          [
            77.0418572,
            28.6515879
          ],
          [
            77.0416255,
            28.6516139
          ],
          [
            77.0414414,
            28.6515618
          ],
          [
            77.0413226,
            28.6516244
          ],
          [
            77.0410552,
            28.6515983
          ],
          [
            77.0406097,
            28.6515253
          ],
          [
            77.0401464,
            28.6514002
          ],
          [
            77.0397722,
            28.6513064
          ],
          [
            77.0392613,
            28.6511292
          ],
          [
            77.0382812,
            28.6507799
          ],
          [
            77.0378,
            28.6506079
          ],
          [
            77.0372001,
            28.6504306
          ],
          [
            77.0367724,
            28.650269
          ],
          [
            77.0361724,
            28.6499615
          ],
          [
            77.0358814,
            28.6497894
          ],
          [
            77.035519,
            28.6496018
          ],
          [
            77.0350616,
            28.6493099
          ],
          [
            77.0345033,
            28.6488876
          ],
          [
            77.033832,
            28.6484654
          ],
          [
            77.0333984,
            28.6481213
          ],
          [
            77.0329113,
            28.6477408
          ],
          [
            77.0324598,
            28.6473759
          ],
          [
            77.0322163,
            28.647183
          ],
          [
            77.0319846,
            28.6470422
          ],
          [
            77.0316163,
            28.6467451
          ],
          [
            77.0311233,
            28.646328
          ],
          [
            77.03066,
            28.6458536
          ],
          [
            77.0300778,
            28.6453428
          ],
          [
            77.0297333,
            28.6450456
          ],
          [
            77.0293175,
            28.6447641
          ],
          [
            77.028771,
            28.6443992
          ],
          [
            77.0278681,
            28.6437736
          ],
          [
            77.0271018,
            28.6432731
          ],
          [
            77.0267692,
            28.6430333
          ],
          [
            77.0262761,
            28.6426788
          ],
          [
            77.0256405,
            28.6422826
          ],
          [
            77.0251356,
            28.6419855
          ],
          [
            77.0247614,
            28.64173
          ],
          [
            77.0245475,
            28.6414641
          ],
          [
            77.0242862,
            28.6410992
          ],
          [
            77.0241852,
            28.6407864
          ],
          [
            77.0240961,
            28.6404788
          ],
          [
            77.0239535,
            28.639994
          ],
          [
            77.0237575,
            28.6393215
          ],
          [
            77.0235793,
            28.6385238
          ],
          [
            77.0234664,
            28.638138
          ],
          [
            77.0233952,
            28.637528
          ],
          [
            77.0233833,
            28.6368659
          ],
          [
            77.0233714,
            28.6366678
          ],
          [
            77.0233239,
            28.6362872
          ],
          [
            77.0233358,
            28.6357659
          ],
          [
            77.023407,
            28.6353696
          ],
          [
            77.0235496,
            28.634671
          ],
          [
            77.0237278,
            28.6341496
          ],
          [
            77.0238644,
            28.63367
          ],
          [
            77.0238763,
            28.6332372
          ],
          [
            77.0237575,
            28.6327315
          ],
          [
            77.0235021,
            28.6322518
          ],
          [
            77.023015,
            28.631647
          ],
          [
            77.0225873,
            28.631084
          ],
          [
            77.0222903,
            28.6306877
          ],
          [
            77.0218567,
            28.6301402
          ],
          [
            77.0214705,
            28.6295146
          ],
          [
            77.0211438,
            28.6288733
          ],
          [
            77.0210072,
            28.6283936
          ],
          [
            77.0210191,
            28.6282424
          ],
          [
            77.0210904,
            28.6281485
          ],
          [
            77.021031,
            28.6281068
          ],
          [
            77.0209122,
            28.6282215
          ],
          [
            77.0208409,
            28.6282372
          ],
          [
            77.020728,
            28.6278044
          ],
          [
            77.020532,
            28.6275385
          ],
          [
            77.020336,
            28.6271839
          ],
          [
            77.0203419,
            28.6268867
          ],
          [
            77.0204607,
            28.6267981
          ],
          [
            77.0208052,
            28.6267616
          ],
          [
            77.0208825,
            28.6268138
          ],
          [
            77.0210072,
            28.6269024
          ],
          [
            77.0211557,
            28.6271005
          ],
          [
            77.0213215,
            28.6273876
          ],
          [
            77.0213755,
            28.6274811
          ],
          [
            77.0214824,
            28.6276897
          ],
          [
            77.0215062,
            28.6280286
          ],
          [
            77.0215537,
            28.6283936
          ],
          [
            77.0216785,
            28.6288107
          ],
          [
            77.0217794,
            28.6290975
          ],
          [
            77.0221358,
            28.6295928
          ],
          [
            77.0224507,
            28.6300673
          ],
          [
            77.0229318,
            28.6307607
          ],
          [
            77.0231694,
            28.6310787
          ],
          [
            77.0236031,
            28.6316105
          ],
          [
            77.0238882,
            28.6319129
          ],
          [
            77.0241258,
            28.6323457
          ],
          [
            77.0242565,
            28.6327002
          ],
          [
            77.0243515,
            28.633133
          ],
          [
            77.0243872,
            28.6335396
          ],
          [
            77.0243337,
            28.6339411
          ]
        ]
      }
    },
    {
      "type": "Feature",
      "properties": {
        "waterway": "canal"
      },
      "geometry": {
        "type": "LineString",
        "coordinates": [
          [
            77.0216757,
            28.627326
          ],
          [
            77.0213215,
            28.6273876
          ],
          [
            77.0210904,
            28.6276376
          ],
          [
            77.0213042,
            28.6284353
          ],
          [
            77.021625,
            28.6294207
          ],
          [
            77.0225992,
            28.6306773
          ],
          [
            77.0232229,
            28.6314906
          ],
          [
            77.0237278,
            28.6321267
          ],
          [
            77.0240842,
            28.6329088
          ],
          [
            77.024108,
            28.6335396
          ],
          [
            77.0240664,
            28.6339619
          ],
          [
            77.0237753,
            28.6348378
          ],
          [
            77.0236031,
            28.6357189
          ],
          [
            77.023704,
            28.6380702
          ],
          [
            77.0238169,
            28.6385447
          ],
          [
            77.0240842,
            28.6395091
          ],
          [
            77.0244941,
            28.640948
          ],
          [
            77.0247317,
            28.6414224
          ],
          [
            77.0251178,
            28.6417404
          ],
          [
            77.0258366,
            28.6421731
          ],
          [
            77.0270305,
            28.6429291
          ],
          [
            77.0282423,
            28.643784
          ],
          [
            77.029965,
            28.6449205
          ],
          [
            77.0307966,
            28.6457025
          ],
          [
            77.031943,
            28.6467242
          ],
          [
            77.032424,
            28.6470916
          ],
          [
            77.0327687,
            28.647355
          ],
          [
            77.0341706,
            28.6484289
          ],
          [
            77.0360002,
            28.6496122
          ],
          [
            77.0369031,
            28.6500918
          ],
          [
            77.03761,
            28.6503837
          ],
          [
            77.0389406,
            28.6507851
          ],
          [
            77.0405919,
            28.6512855
          ]
        ]
      }
    },
    {
      "type": "Feature",
      "properties": {
        "natural": "water",
        "water": "river"
      },
      "geometry": {
        "type": "LineString",
        "coordinates": [
          [
            77.0122693,
            28.6254264
          ],
          [
            77.012331,
            28.6255389
          ],
          [
            77.0125185,
            28.6256408
          ],
          [
            77.0125364,
            28.625821
          ],
          [
            77.0125721,
            28.6260561
          ],
          [
            77.0131525,
            28.6261659
          ],
          [
            77.0134828,
            28.6262364
          ],
          [
            77.0137328,
            28.6261972
          ],
          [
            77.0140364,
            28.6263226
          ],
          [
            77.0143757,
            28.6265264
          ],
          [
            77.0148311,
            28.6268164
          ],
          [
            77.0151257,
            28.6269731
          ],
          [
            77.0152507,
            28.6269574
          ],
          [
            77.0154918,
            28.6270593
          ],
          [
            77.0155364,
            28.6271769
          ],
          [
            77.0159382,
            28.6274825
          ],
          [
            77.0163043,
            28.627702
          ],
          [
            77.0169115,
            28.6277098
          ],
          [
            77.0176168,
            28.627702
          ],
          [
            77.0181079,
            28.6276314
          ],
          [
            77.0182329,
            28.6274982
          ],
          [
            77.0182329,
            28.6272474
          ],
          [
            77.0181794,
            28.6269966
          ],
          [
            77.0182419,
            28.6267458
          ],
          [
            77.0180722,
            28.6267145
          ],
          [
            77.0168936,
            28.6268164
          ],
          [
            77.016465,
            28.6267301
          ],
          [
            77.0153132,
            28.6260483
          ],
          [
            77.0149561,
            28.6257583
          ],
          [
            77.0146436,
            28.6255702
          ],
          [
            77.0141078,
            28.6254056
          ],
          [
            77.0136971,
            28.6252332
          ],
          [
            77.0133221,
            28.625147
          ],
          [
            77.0127864,
            28.6250921
          ],
          [
            77.0123042,
            28.6250921
          ],
          [
            77.0122693,
            28.6254264
          ]
        ]
      }
    },
    {
      "type": "Feature",
      "properties": {
        "alt_name": "Sahibi River",
        "alt_name:en": "River Sahibi",
        "description": "Channelised Storm Water Drain River",
        "name": "Najafgarh Nallah",
        "name:en": "Najafgarh Drain",
        "waterway": "canal",
        "wikipedia": "en:Najafgarh drain"
      },
      "geometry": {
        "type": "LineString",
        "coordinates": [
          [
            76.5406037,
            28.7076958
          ],
          [
            76.5410447,
            28.7075167
          ],
          [
            76.5418219,
            28.7072009
          ],
          [
            76.5432189,
            28.7065993
          ],
          [
            76.5434429,
            28.7063857
          ],
          [
            76.5435856,
            28.7060198
          ],
          [
            76.5441008,
            28.7041635
          ],
          [
            76.5447184,
            28.7022675
          ],
          [
            76.5451816,
            28.7014931
          ],
          [
            76.545534,
            28.7010277
          ],
          [
            76.5474383,
            28.6985239
          ],
          [
            76.5481549,
            28.6975272
          ],
          [
            76.5483687,
            28.6971244
          ],
          [
            76.5484914,
            28.6965861
          ],
          [
            76.5487052,
            28.6950719
          ],
          [
            76.5487408,
            28.6947281
          ],
          [
            76.5485627,
            28.6941689
          ],
          [
            76.5469988,
            28.6906647
          ],
          [
            76.545918,
            28.688178
          ],
          [
            76.5457953,
            28.6877786
          ],
          [
            76.5459853,
            28.6871465
          ],
          [
            76.5465079,
            28.685205
          ],
          [
            76.5466671,
            28.6845537
          ],
          [
            76.5465998,
            28.6832617
          ],
          [
            76.5467384,
            28.682765
          ],
          [
            76.547063,
            28.6821606
          ],
          [
            76.5471699,
            28.6816223
          ],
          [
            76.5472042,
            28.6798945
          ],
          [
            76.5475961,
            28.6757634
          ],
          [
            76.5477865,
            28.6743683
          ],
          [
            76.548044,
            28.6724819
          ],
          [
            76.5477949,
            28.6707361
          ],
          [
            76.5477477,
            28.6699867
          ],
          [
            76.5479615,
            28.6678191
          ],
          [
            76.5483218,
            28.6656028
          ],
          [
            76.548789,
            28.6629418
          ],
          [
            76.5493551,
            28.659902
          ],
          [
            76.5498896,
            28.6567406
          ],
          [
            76.549949,
            28.6561569
          ],
          [
            76.5498975,
            28.6534609
          ],
          [
            76.5498817,
            28.6501707
          ],
          [
            76.5498579,
            28.6458972
          ],
          [
            76.5495887,
            28.6438924
          ],
          [
            76.5491354,
            28.6403908
          ],
          [
            76.5487949,
            28.6371176
          ],
          [
            76.548593,
            28.63554
          ],
          [
            76.5484703,
            28.6351404
          ],
          [
            76.548209,
            28.6349006
          ],
          [
            76.5469816,
            28.6337991
          ],
          [
            76.5458177,
            28.6324821
          ],
          [
            76.5454099,
            28.6319434
          ],
          [
            76.5447685,
            28.6301642
          ],
          [
            76.5439133,
            28.6278672
          ],
          [
            76.5427612,
            28.6263103
          ],
          [
            76.5411286,
            28.6240476
          ],
          [
            76.540792,
            28.6235229
          ],
          [
            76.5401705,
            28.6220389
          ],
          [
            76.5394578,
            28.6205515
          ],
          [
            76.5392638,
            28.6199607
          ],
          [
            76.5391807,
            28.619495
          ],
          [
            76.5391688,
            28.6187686
          ],
          [
            76.5391569,
            28.6183968
          ],
          [
            76.5396716,
            28.6156755
          ],
          [
            76.5399883,
            28.6138577
          ],
          [
            76.5400002,
            28.6135171
          ],
          [
            76.5398894,
            28.613253
          ],
          [
            76.5395053,
            28.6126969
          ],
          [
            76.5382661,
            28.6111641
          ],
          [
            76.5380801,
            28.6107853
          ],
          [
            76.5378861,
            28.6100137
          ],
          [
            76.5372011,
            28.6067013
          ],
          [
            76.5365083,
            28.6036217
          ],
          [
            76.536536,
            28.6033992
          ],
          [
            76.5366944,
            28.6031559
          ],
          [
            76.5384601,
            28.601331
          ],
          [
            76.5385868,
            28.6011329
          ],
          [
            76.5386106,
            28.6009139
          ],
          [
            76.5384364,
            28.6002291
          ],
          [
            76.5384126,
            28.5997599
          ],
          [
            76.5384918,
            28.5972119
          ],
          [
            76.5385274,
            28.5945248
          ],
          [
            76.5386027,
            28.5925399
          ],
          [
            76.5386066,
            28.5916465
          ],
          [
            76.5386937,
            28.5889905
          ],
          [
            76.5387373,
            28.5865362
          ],
          [
            76.5386502,
            28.5862024
          ],
          [
            76.5383809,
            28.5855628
          ],
          [
            76.5372843,
            28.5834455
          ],
          [
            76.5360055,
            28.5817385
          ],
          [
            76.5352453,
            28.581064
          ],
          [
            76.5341487,
            28.580035
          ],
          [
            76.5340338,
            28.5797951
          ],
          [
            76.5340259,
            28.5795517
          ],
          [
            76.5342199,
            28.579065
          ],
          [
            76.5352572,
            28.5765999
          ],
          [
            76.5356333,
            28.5762209
          ],
          [
            76.5367102,
            28.5753483
          ],
          [
            76.5393153,
            28.5731057
          ],
          [
            76.541861,
            28.5708283
          ],
          [
            76.5441652,
            28.5694792
          ],
          [
            76.5475225,
            28.5675703
          ],
          [
            76.5517073,
            28.5651884
          ],
          [
            76.5557496,
            28.5628622
          ],
          [
            76.5588218,
            28.5611548
          ],
          [
            76.5600571,
            28.5603863
          ],
          [
            76.5606232,
            28.5599134
          ],
          [
            76.5609281,
            28.5595413
          ],
          [
            76.5611815,
            28.5590684
          ],
          [
            76.5613319,
            28.5585294
          ],
          [
            76.561419,
            28.5574201
          ],
          [
            76.5614309,
            28.5562378
          ],
          [
            76.5613676,
            28.5533097
          ],
          [
            76.5613596,
            28.5497138
          ],
          [
            76.5612527,
            28.5460969
          ],
          [
            76.5612052,
            28.5422991
          ],
          [
            76.5612013,
            28.5386089
          ],
          [
            76.5611973,
            28.5361951
          ],
          [
            76.5613003,
            28.535096
          ],
          [
            76.5614349,
            28.5341465
          ],
          [
            76.5614552,
            28.5340229
          ],
          [
            76.5615497,
            28.5334474
          ],
          [
            76.5618347,
            28.5327552
          ],
          [
            76.5623653,
            28.531823
          ],
          [
            76.5632442,
            28.5310056
          ],
          [
            76.5655365,
            28.5287029
          ],
          [
            76.5666609,
            28.5277464
          ],
          [
            76.5675945,
            28.5271203
          ],
          [
            76.5685051,
            28.5267863
          ],
          [
            76.5753623,
            28.524734
          ],
          [
            76.5841425,
            28.5221903
          ],
          [
            76.5892814,
            28.5207258
          ],
          [
            76.5912135,
            28.5201658
          ],
          [
            76.5931495,
            28.5194526
          ],
          [
            76.5968948,
            28.518089
          ],
          [
            76.598138,
            28.5176124
          ],
          [
            76.59872,
            28.5172436
          ],
          [
            76.5993693,
            28.5166801
          ],
          [
            76.6019783,
            28.5142449
          ],
          [
            76.6035263,
            28.5128673
          ],
          [
            76.6040371,
            28.5125889
          ],
          [
            76.6044607,
            28.512495
          ],
          [
            76.6048724,
            28.5124359
          ],
          [
            76.6053634,
            28.5124881
          ],
          [
            76.605981,
            28.5126446
          ],
          [
            76.6106448,
            28.5140466
          ],
          [
            76.6158214,
            28.5155359
          ],
          [
            76.6180101,
            28.5157245
          ],
          [
            76.619598,
            28.5159507
          ],
          [
            76.6210571,
            28.5162147
          ],
          [
            76.6282669,
            28.5190051
          ],
          [
            76.6286102,
            28.5194953
          ],
          [
            76.628696,
            28.5256792
          ],
          [
            76.6284385,
            28.5263956
          ],
          [
            76.6196538,
            28.5335563
          ],
          [
            76.6193662,
            28.5339479
          ],
          [
            76.6192117,
            28.5343511
          ],
          [
            76.6192976,
            28.536651
          ],
          [
            76.6192589,
            28.537437
          ],
          [
            76.6174951,
            28.541929
          ],
          [
            76.6173234,
            28.542683
          ],
          [
            76.6182676,
            28.5477346
          ],
          [
            76.6199413,
            28.5500719
          ],
          [
            76.6204563,
            28.550675
          ],
          [
            76.6212717,
            28.5509766
          ],
          [
            76.6281345,
            28.5514569
          ],
          [
            76.6301122,
            28.5516174
          ],
          [
            76.6334596,
            28.552786
          ],
          [
            76.6392532,
            28.5547839
          ],
          [
            76.6400686,
            28.5552362
          ],
          [
            76.643397,
            28.5591811
          ],
          [
            76.6443253,
            28.5592361
          ],
          [
            76.6538015,
            28.5597972
          ],
          [
            76.6693411,
            28.5596408
          ],
          [
            76.6729889,
            28.5592262
          ],
          [
            76.675345,
            28.5591187
          ],
          [
            76.6782203,
            28.559081
          ],
          [
            76.6829024,
            28.5594146
          ],
          [
            76.6848765,
            28.5593769
          ],
          [
            76.6875329,
            28.5590433
          ],
          [
            76.6889921,
            28.5591941
          ],
          [
            76.6975794,
            28.5596408
          ],
          [
            76.6998539,
            28.5600554
          ],
          [
            76.7048439,
            28.5610319
          ],
          [
            76.7063356,
            28.5613594
          ],
          [
            76.7073518,
            28.5617361
          ],
          [
            76.7078791,
            28.5618647
          ],
          [
            76.708655,
            28.5618247
          ],
          [
            76.7099391,
            28.5620154
          ],
          [
            76.7102911,
            28.5619894
          ],
          [
            76.7105507,
            28.5618194
          ],
          [
            76.7119089,
            28.560928
          ],
          [
            76.7144409,
            28.5593826
          ],
          [
            76.7183462,
            28.5575356
          ],
          [
            76.7186895,
            28.5570833
          ],
          [
            76.7186895,
            28.5564048
          ],
          [
            76.7178773,
            28.5536493
          ],
          [
            76.717921,
            28.5532564
          ],
          [
            76.7249594,
            28.5455802
          ],
          [
            76.7251697,
            28.5448696
          ],
          [
            76.7285171,
            28.5327299
          ],
          [
            76.7292896,
            28.5299776
          ],
          [
            76.7298089,
            28.5291801
          ],
          [
            76.7303625,
            28.5286202
          ],
          [
            76.7310534,
            28.5283506
          ],
          [
            76.7318645,
            28.5282809
          ],
          [
            76.7425054,
            28.5281677
          ],
          [
            76.7433637,
            28.5276399
          ],
          [
            76.7460673,
            28.525189
          ],
          [
            76.7487281,
            28.52353
          ],
          [
            76.7510884,
            28.521984
          ],
          [
            76.7525476,
            28.5207774
          ],
          [
            76.7554293,
            28.5179059
          ],
          [
            76.7555516,
            28.5171951
          ],
          [
            76.7555516,
            28.5164032
          ],
          [
            76.7560666,
            28.5157622
          ],
          [
            76.7587274,
            28.5154605
          ],
          [
            76.7618602,
            28.5142538
          ],
          [
            76.7620748,
            28.5137259
          ],
          [
            76.7618602,
            28.5110861
          ],
          [
            76.7624181,
            28.5100302
          ],
          [
            76.763448,
            28.5090875
          ],
          [
            76.7638772,
            28.508107
          ],
          [
            76.7663234,
            28.5066739
          ],
          [
            76.7685979,
            28.5056557
          ],
          [
            76.7707007,
            28.5051654
          ],
          [
            76.7718939,
            28.5053933
          ],
          [
            76.7726748,
            28.5055425
          ],
          [
            76.7761574,
            28.5065551
          ],
          [
            76.7769664,
            28.5065985
          ],
          [
            76.7809575,
            28.5062213
          ],
          [
            76.7824166,
            28.5058442
          ],
          [
            76.7860644,
            28.5057311
          ],
          [
            76.7870086,
            28.5058065
          ],
          [
            76.7960208,
            28.5024123
          ],
          [
            76.7970078,
            28.5021483
          ],
          [
            76.7996257,
            28.5020352
          ],
          [
            76.8002694,
            28.5022615
          ],
          [
            76.8034945,
            28.5041415
          ],
          [
            76.8047326,
            28.505354
          ],
          [
            76.8066273,
            28.5067437
          ],
          [
            76.8070565,
            28.5073093
          ],
          [
            76.8095456,
            28.5136448
          ],
          [
            76.8095885,
            28.5147384
          ],
          [
            76.8088096,
            28.517987
          ],
          [
            76.8083439,
            28.5188863
          ],
          [
            76.8083439,
            28.5195651
          ],
          [
            76.8087667,
            28.5202118
          ],
          [
            76.8093246,
            28.5209659
          ],
          [
            76.8099254,
            28.5223611
          ],
          [
            76.8102751,
            28.5229587
          ],
          [
            76.8106614,
            28.5231472
          ],
          [
            76.8110476,
            28.523185
          ],
          [
            76.8125003,
            28.5228513
          ],
          [
            76.8130646,
            28.5228833
          ],
          [
            76.8133221,
            28.5231472
          ],
          [
            76.8138736,
            28.522889
          ],
          [
            76.8145173,
            28.5227381
          ],
          [
            76.8154614,
            28.522625
          ],
          [
            76.8160258,
            28.5228456
          ],
          [
            76.8167983,
            28.5240522
          ],
          [
            76.8173068,
            28.5239824
          ],
          [
            76.8185084,
            28.525453
          ],
          [
            76.8191092,
            28.5255284
          ],
          [
            76.8200169,
            28.5255981
          ],
          [
            76.8205748,
            28.5254096
          ],
          [
            76.8219417,
            28.5249251
          ],
          [
            76.822506,
            28.5250326
          ],
          [
            76.8229832,
            28.5251688
          ],
          [
            76.8242226,
            28.5255227
          ],
          [
            76.825847,
            28.5266218
          ],
          [
            76.8278704,
            28.5272195
          ],
          [
            76.8294518,
            28.5280546
          ],
          [
            76.8319409,
            28.5299021
          ],
          [
            76.8323701,
            28.5298267
          ],
          [
            76.8353742,
            28.5280923
          ],
          [
            76.8382066,
            28.5273759
          ],
          [
            76.8405669,
            28.5265841
          ],
          [
            76.8431418,
            28.5255284
          ],
          [
            76.8439572,
            28.5255284
          ],
          [
            76.846618,
            28.5261317
          ],
          [
            76.8499654,
            28.5266973
          ],
          [
            76.853184,
            28.5268104
          ],
          [
            76.8533223,
            28.5268939
          ],
          [
            76.8538707,
            28.5272251
          ],
          [
            76.8545638,
            28.527785
          ],
          [
            76.854435,
            28.528426
          ],
          [
            76.8537848,
            28.5292612
          ],
          [
            76.8530982,
            28.5299021
          ],
          [
            76.852418,
            28.5300096
          ],
          [
            76.8520253,
            28.5302415
          ],
          [
            76.8521111,
            28.5306562
          ],
          [
            76.8526755,
            28.5322718
          ],
          [
            76.8529759,
            28.5325357
          ],
          [
            76.85392,
            28.5326866
          ],
          [
            76.8543921,
            28.5329882
          ],
          [
            76.8557654,
            28.534157
          ],
          [
            76.856495,
            28.5343078
          ],
          [
            76.8578618,
            28.5345396
          ],
          [
            76.8596213,
            28.5343511
          ],
          [
            76.8613015,
            28.5347602
          ],
          [
            76.8651574,
            28.5352937
          ],
          [
            76.8662732,
            28.5352183
          ],
          [
            76.8675178,
            28.5350298
          ],
          [
            76.8680327,
            28.534615
          ],
          [
            76.8684343,
            28.5344419
          ],
          [
            76.8694946,
            28.5342518
          ],
          [
            76.8703566,
            28.5342324
          ],
          [
            76.8715518,
            28.5354822
          ],
          [
            76.8794976,
            28.5389074
          ],
          [
            76.880049,
            28.5388753
          ],
          [
            76.8807357,
            28.5386491
          ],
          [
            76.8864005,
            28.5353314
          ],
          [
            76.8873017,
            28.5349167
          ],
          [
            76.8894046,
            28.5342757
          ],
          [
            76.8918508,
            28.5336348
          ],
          [
            76.8963569,
            28.5326168
          ],
          [
            76.8976872,
            28.5323152
          ],
          [
            76.9000047,
            28.5313349
          ],
          [
            76.9143604,
            28.5251237
          ],
          [
            76.9146667,
            28.5249469
          ],
          [
            76.9186703,
            28.5198273
          ],
          [
            76.9200672,
            28.5181218
          ],
          [
            76.9205301,
            28.5179077
          ],
          [
            76.920993,
            28.5180932
          ],
          [
            76.9212285,
            28.5179648
          ],
          [
            76.9256871,
            28.5124985
          ],
          [
            76.9276037,
            28.5108786
          ],
          [
            76.9280504,
            28.510693
          ],
          [
            76.9342876,
            28.510272
          ],
          [
            76.9366671,
            28.5085235
          ],
          [
            76.9401349,
            28.5064539
          ],
          [
            76.943018,
            28.5048838
          ],
          [
            76.9435865,
            28.5047125
          ],
          [
            76.9503272,
            28.5047982
          ],
          [
            76.9515778,
            28.5048339
          ],
          [
            76.9529341,
            28.5049909
          ],
          [
            76.9537868,
            28.5052835
          ],
          [
            76.9551025,
            28.5059543
          ],
          [
            76.9564994,
            28.5069892
          ],
          [
            76.9576932,
            28.5079027
          ],
          [
            76.9598859,
            28.5095227
          ],
          [
            76.9618757,
            28.5109143
          ],
          [
            76.9644988,
            28.5126555
          ],
          [
            76.9648481,
            28.5129082
          ],
          [
            76.9654653,
            28.5132193
          ],
          [
            76.9675119,
            28.5140114
          ],
          [
            76.9688194,
            28.5145538
          ],
          [
            76.9709147,
            28.5160238
          ],
          [
            76.9731562,
            28.5174724
          ],
          [
            76.9747885,
            28.5183644
          ],
          [
            76.9752352,
            28.5187712
          ],
          [
            76.9753164,
            28.5191494
          ],
          [
            76.9752491,
            28.5194451
          ],
          [
            76.974424,
            28.5213746
          ],
          [
            76.9733455,
            28.5234525
          ],
          [
            76.9730986,
            28.524149
          ],
          [
            76.9733844,
            28.5246912
          ],
          [
            76.9744435,
            28.5252393
          ],
          [
            76.9759443,
            28.5255818
          ],
          [
            76.9802583,
            28.525342
          ],
          [
            76.982097,
            28.5253991
          ],
          [
            76.9838512,
            28.5256845
          ],
          [
            76.9848807,
            28.5259333
          ],
          [
            76.9858978,
            28.5265236
          ],
          [
            76.9871257,
            28.5269803
          ],
          [
            76.9881847,
            28.5273399
          ],
          [
            76.9910369,
            28.527534
          ],
          [
            76.9937007,
            28.5279393
          ],
          [
            76.9953055,
            28.5281961
          ],
          [
            76.9967803,
            28.5285044
          ],
          [
            76.998554,
            28.5291779
          ],
          [
            76.999704,
            28.5297316
          ],
          [
            77.0004187,
            28.5303938
          ],
          [
            77.000737,
            28.5311872
          ],
          [
            77.0009059,
            28.5317352
          ],
          [
            77.0010554,
            28.5333106
          ],
          [
            77.0011658,
            28.5337158
          ],
          [
            77.0014062,
            28.5339441
          ],
          [
            77.001757,
            28.5344008
          ],
          [
            77.0027576,
            28.5362672
          ],
          [
            77.0037776,
            28.538145
          ],
          [
            77.0044078,
            28.5391781
          ],
          [
            77.0049601,
            28.5396176
          ],
          [
            77.0056748,
            28.5399087
          ],
          [
            77.0066493,
            28.5404052
          ],
          [
            77.007286,
            28.5411301
          ],
          [
            77.0077018,
            28.5414954
          ],
          [
            77.0079552,
            28.5426654
          ],
          [
            77.008462,
            28.5435386
          ],
          [
            77.0092676,
            28.5440523
          ],
          [
            77.0103655,
            28.5447993
          ],
          [
            77.0116196,
            28.5453022
          ],
          [
            77.0125644,
            28.5458354
          ],
          [
            77.0135146,
            28.5470624
          ],
          [
            77.0140831,
            28.5478685
          ],
          [
            77.0146029,
            28.5493738
          ],
          [
            77.015147,
            28.5503368
          ],
          [
            77.0159997,
            28.5515353
          ],
          [
            77.0171773,
            28.5524983
          ],
          [
            77.019094,
            28.5537681
          ],
          [
            77.0207101,
            28.5548096
          ],
          [
            77.021977,
            28.5562648
          ],
          [
            77.0226998,
            28.5572563
          ],
          [
            77.0238855,
            28.5597458
          ],
          [
            77.0242266,
            28.5606232
          ],
          [
            77.0242901,
            28.5607295
          ],
          [
            77.0251037,
            28.5620926
          ],
          [
            77.0259321,
            28.563298
          ],
          [
            77.0271422,
            28.564425
          ],
          [
            77.0279949,
            28.5656091
          ],
          [
            77.0298643,
            28.5688195
          ],
          [
            77.0300009,
            28.5690541
          ],
          [
            77.0309267,
            28.5698886
          ],
          [
            77.0327946,
            28.5709727
          ],
          [
            77.034427,
            28.5723493
          ],
          [
            77.0350117,
            28.5729626
          ],
          [
            77.0355477,
            28.574118
          ],
          [
            77.0361406,
            28.5755302
          ],
          [
            77.0368309,
            28.5766499
          ],
          [
            77.0374319,
            28.5772561
          ],
          [
            77.037708,
            28.5777696
          ],
          [
            77.0376674,
            28.5786468
          ],
          [
            77.0371314,
            28.5795383
          ],
          [
            77.0360756,
            28.5800589
          ],
          [
            77.0340859,
            28.5806152
          ],
          [
            77.0293999,
            28.5819916
          ],
          [
            77.0206695,
            28.5838316
          ],
          [
            77.0181113,
            28.5843735
          ],
          [
            77.0173235,
            28.5850082
          ],
          [
            77.0170718,
            28.5864773
          ],
          [
            77.0175184,
            28.5877894
          ],
          [
            77.0184037,
            28.5892799
          ],
          [
            77.0185336,
            28.5908986
          ],
          [
            77.0183833,
            28.5914381
          ],
          [
            77.0179817,
            28.5917627
          ],
          [
            77.0172667,
            28.5919682
          ],
          [
            77.015951,
            28.5920681
          ],
          [
            77.0148546,
            28.5917971
          ],
          [
            77.0128406,
            28.5911553
          ],
          [
            77.0115249,
            28.5911482
          ],
          [
            77.0107534,
            28.5916545
          ],
          [
            77.0104123,
            28.5926813
          ],
          [
            77.0104935,
            28.5936297
          ],
          [
            77.0109889,
            28.5944783
          ],
          [
            77.0117767,
            28.5950274
          ],
          [
            77.0139126,
            28.5957761
          ],
          [
            77.0146191,
            28.5966246
          ],
          [
            77.0151308,
            28.597901
          ],
          [
            77.0152498,
            28.5985088
          ],
          [
            77.0152526,
            28.5993699
          ],
          [
            77.0149765,
            28.6000045
          ],
          [
            77.0145495,
            28.6007239
          ],
          [
            77.0141725,
            28.6013592
          ],
          [
            77.0133522,
            28.6020295
          ],
          [
            77.0115818,
            28.6031988
          ],
          [
            77.0108265,
            28.6042256
          ],
          [
            77.0104123,
            28.6053093
          ],
          [
            77.0101524,
            28.60573
          ],
          [
            77.0102174,
            28.6064002
          ],
          [
            77.0102892,
            28.6064751
          ],
          [
            77.0106072,
            28.6068066
          ],
          [
            77.0110051,
            28.6075268
          ],
          [
            77.0121502,
            28.6090383
          ],
          [
            77.0131248,
            28.6100008
          ],
          [
            77.014611,
            28.610785
          ],
          [
            77.0155937,
            28.6114267
          ],
          [
            77.0162109,
            28.6120898
          ],
          [
            77.0168362,
            28.6136226
          ],
          [
            77.0174372,
            28.615298
          ],
          [
            77.0187123,
            28.6165029
          ],
          [
            77.020434,
            28.6175366
          ],
          [
            77.0214329,
            28.6181426
          ],
          [
            77.0219445,
            28.6192975
          ],
          [
            77.0221811,
            28.6202088
          ],
          [
            77.0224159,
            28.6208378
          ],
          [
            77.0225041,
            28.6213024
          ],
          [
            77.0224788,
            28.6217384
          ],
          [
            77.0224032,
            28.6223817
          ],
          [
            77.0224887,
            28.6228263
          ],
          [
            77.0226267,
            28.6244944
          ],
          [
            77.0227161,
            28.6261412
          ],
          [
            77.0226467,
            28.6275072
          ],
          [
            77.0224075,
            28.628073
          ],
          [
            77.02231,
            28.6286647
          ],
          [
            77.0235932,
            28.6306606
          ],
          [
            77.0242208,
            28.6314593
          ],
          [
            77.024797,
            28.6323613
          ],
          [
            77.0250822,
            28.6332581
          ],
          [
            77.0251891,
            28.6343269
          ],
          [
            77.0249158,
            28.6351976
          ],
          [
            77.0247436,
            28.6356407
          ],
          [
            77.024506,
            28.6364123
          ],
          [
            77.0245,
            28.6374811
          ],
          [
            77.0245594,
            28.6379972
          ],
          [
            77.024898,
            28.639212
          ],
          [
            77.0252128,
            28.6401139
          ],
          [
            77.0255158,
            28.6408803
          ],
          [
            77.0259138,
            28.6413077
          ],
          [
            77.026888,
            28.641876
          ],
          [
            77.027583,
            28.6423035
          ],
          [
            77.0287472,
            28.6431428
          ],
          [
            77.0296442,
            28.6437788
          ],
          [
            77.0306956,
            28.6444044
          ],
          [
            77.0316045,
            28.6451447
          ],
          [
            77.0328875,
            28.646375
          ],
          [
            77.033832,
            28.647209
          ],
          [
            77.0346221,
            28.647819
          ],
          [
            77.0357269,
            28.648554
          ],
          [
            77.036814,
            28.6490857
          ],
          [
            77.0376337,
            28.6494245
          ],
          [
            77.0382931,
            28.6496435
          ],
          [
            77.0401464,
            28.6502742
          ],
          [
            77.0406097,
            28.6503785
          ],
          [
            77.0409127,
            28.6506131
          ],
          [
            77.041214,
            28.6507711
          ],
          [
            77.0415126,
            28.6508164
          ],
          [
            77.0420116,
            28.6507226
          ],
          [
            77.0429323,
            28.6507382
          ],
          [
            77.0441382,
            28.6508216
          ],
          [
            77.0454094,
            28.6508477
          ],
          [
            77.0464846,
            28.6508268
          ],
          [
            77.0467201,
            28.6508016
          ],
          [
            77.0469716,
            28.6507747
          ],
          [
            77.0473875,
            28.6509259
          ],
          [
            77.0479874,
            28.6509676
          ],
          [
            77.0487359,
            28.6508633
          ],
          [
            77.0497279,
            28.6506183
          ],
          [
            77.0507615,
            28.6503055
          ],
          [
            77.0515099,
            28.6500605
          ],
          [
            77.052395,
            28.6497217
          ],
          [
            77.052894,
            28.649289
          ],
          [
            77.053987,
            28.6482308
          ],
          [
            77.055775,
            28.6466877
          ],
          [
            77.0562086,
            28.6461977
          ],
          [
            77.0564284,
            28.6457285
          ],
          [
            77.0567788,
            28.6448006
          ],
          [
            77.0569452,
            28.6440968
          ],
          [
            77.0567788,
            28.642804
          ],
          [
            77.0565472,
            28.6412556
          ],
          [
            77.0565709,
            28.6404163
          ],
          [
            77.0566897,
            28.6398272
          ],
          [
            77.0572184,
            28.6390451
          ],
          [
            77.0575808,
            28.6386854
          ],
          [
            77.057955,
            28.6384456
          ],
          [
            77.0582223,
            28.6383883
          ],
          [
            77.0586797,
            28.6383726
          ],
          [
            77.0591846,
            28.6387011
          ],
          [
            77.0595767,
            28.6392433
          ],
          [
            77.0597424,
            28.6393647
          ],
          [
            77.0601885,
            28.6396916
          ],
          [
            77.0607885,
            28.6402129
          ],
          [
            77.061329,
            28.6405675
          ],
          [
            77.0625408,
            28.6413494
          ],
          [
            77.0636338,
            28.6421627
          ],
          [
            77.0645189,
            28.6430281
          ],
          [
            77.0658019,
            28.6439404
          ],
          [
            77.0663663,
            28.6444461
          ],
          [
            77.0669365,
            28.6450613
          ],
          [
            77.068576,
            28.6463437
          ],
          [
            77.0694433,
            28.6470474
          ],
          [
            77.0710471,
            28.6484237
          ],
          [
            77.071956,
            28.6491535
          ],
          [
            77.0724371,
            28.6496383
          ],
          [
            77.0733935,
            28.6505193
          ],
          [
            77.0740469,
            28.6511135
          ],
          [
            77.0744746,
            28.6516765
          ],
          [
            77.0745577,
            28.6519997
          ],
          [
            77.0745459,
            28.6523281
          ],
          [
            77.0745577,
            28.6524897
          ],
          [
            77.0746063,
            28.6525732
          ],
          [
            77.0747359,
            28.6526721
          ],
          [
            77.074932,
            28.6526721
          ],
          [
            77.0752527,
            28.6527503
          ],
          [
            77.0756448,
            28.6529171
          ],
          [
            77.0761972,
            28.6532924
          ],
          [
            77.0769932,
            28.6539075
          ],
          [
            77.0778486,
            28.654335
          ],
          [
            77.078799,
            28.6548198
          ],
          [
            77.0795594,
            28.6550856
          ],
          [
            77.0806761,
            28.6553775
          ],
          [
            77.0817335,
            28.6557997
          ],
          [
            77.0822443,
            28.6559822
          ],
          [
            77.0830106,
            28.6560969
          ],
          [
            77.0841749,
            28.6558258
          ],
          [
            77.085054,
            28.6556434
          ],
          [
            77.0865331,
            28.6552316
          ],
          [
            77.0880419,
            28.6547989
          ],
          [
            77.0891349,
            28.654408
          ],
          [
            77.090121,
            28.6545435
          ],
          [
            77.090608,
            28.6546008
          ],
          [
            77.0916238,
            28.6548719
          ],
          [
            77.0927109,
            28.6554609
          ],
          [
            77.0932039,
            28.6557424
          ],
          [
            77.0938098,
            28.6561594
          ],
          [
            77.0950691,
            28.6576971
          ],
          [
            77.0955859,
            28.65826
          ],
          [
            77.0966492,
            28.6589429
          ],
          [
            77.0973858,
            28.659412
          ],
          [
            77.0981045,
            28.6600218
          ],
          [
            77.0985263,
            28.6604857
          ],
          [
            77.0988114,
            28.6608506
          ],
          [
            77.0992911,
            28.6610109
          ],
          [
            77.0996965,
            28.6609601
          ],
          [
            77.1005222,
            28.6607828
          ],
          [
            77.1018706,
            28.6610435
          ],
          [
            77.1029873,
            28.6611451
          ],
          [
            77.1057911,
            28.6610356
          ],
          [
            77.1076979,
            28.6608428
          ],
          [
            77.1091057,
            28.6606656
          ],
          [
            77.1101215,
            28.6606395
          ],
          [
            77.1107749,
            28.6606812
          ],
          [
            77.111654,
            28.6607229
          ],
          [
            77.1136202,
            28.6610096
          ],
          [
            77.1148083,
            28.6615308
          ],
          [
            77.1156696,
            28.66188
          ],
          [
            77.1179862,
            28.662026
          ],
          [
            77.1188,
            28.6617966
          ],
          [
            77.1191564,
            28.6614266
          ],
          [
            77.1203148,
            28.6608689
          ],
          [
            77.1212771,
            28.6600557
          ],
          [
            77.1220493,
            28.6594928
          ],
          [
            77.1226314,
            28.6592322
          ],
          [
            77.1235165,
            28.6588986
          ],
          [
            77.1247224,
            28.6588412
          ],
          [
            77.1255065,
            28.6590393
          ],
          [
            77.1265282,
            28.6593677
          ],
          [
            77.1274251,
            28.6599358
          ],
          [
            77.1281795,
            28.6601704
          ],
          [
            77.1284706,
            28.6603007
          ],
          [
            77.1303833,
            28.6615412
          ],
          [
            77.1318743,
            28.6626567
          ],
          [
            77.1338168,
            28.6641213
          ],
          [
            77.134684,
            28.6649344
          ],
          [
            77.1353968,
            28.6655025
          ],
          [
            77.136769,
            28.6665241
          ],
          [
            77.1374046,
            28.6669254
          ],
          [
            77.1378679,
            28.6671912
          ],
          [
            77.138361,
            28.6672433
          ],
          [
            77.1386639,
            28.6672016
          ],
          [
            77.1396559,
            28.6671652
          ],
          [
            77.1405173,
            28.6671391
          ],
          [
            77.1417231,
            28.6671078
          ],
          [
            77.1429111,
            28.6670401
          ],
          [
            77.1434695,
            28.6669463
          ],
          [
            77.1441467,
            28.6670296
          ],
          [
            77.145109,
            28.6671547
          ],
          [
            77.1468613,
            28.6673997
          ],
          [
            77.1486315,
            28.6674987
          ],
          [
            77.1492196,
            28.6676238
          ],
          [
            77.1500809,
            28.6677437
          ],
          [
            77.1508294,
            28.6678323
          ],
          [
            77.1514828,
            28.6680199
          ],
          [
            77.1525817,
            28.668244
          ],
          [
            77.1533183,
            28.6684421
          ],
          [
            77.1538232,
            28.668932
          ],
          [
            77.1544053,
            28.6694324
          ],
          [
            77.1552013,
            28.6699796
          ],
          [
            77.1560924,
            28.670407
          ],
          [
            77.1570071,
            28.6707093
          ],
          [
            77.1576012,
            28.6708656
          ],
          [
            77.1576962,
            28.6709125
          ],
          [
            77.157916,
            28.6713034
          ],
          [
            77.1581892,
            28.6714754
          ],
          [
            77.1590208,
            28.6717621
          ],
          [
            77.1592882,
            28.6718194
          ],
          [
            77.1594426,
            28.6718767
          ],
          [
            77.1595792,
            28.6721582
          ],
          [
            77.1596624,
            28.6722415
          ],
          [
            77.1597812,
            28.6722832
          ],
          [
            77.1598542,
            28.6723068
          ],
          [
            77.1601056,
            28.6723878
          ],
          [
            77.1610561,
            28.672664
          ],
          [
            77.1623332,
            28.6729871
          ],
          [
            77.1636935,
            28.6734145
          ],
          [
            77.1645608,
            28.6737689
          ],
          [
            77.1654815,
            28.6742692
          ],
          [
            77.1668002,
            28.6752229
          ],
          [
            77.1670182,
            28.6753482
          ]
        ]
      }
    },
    {
      "type": "Feature",
      "properties": {
        "waterway": "canal"
      },
      "geometry": {
        "type": "LineString",
        "coordinates": [
          [
            77.020434,
            28.6175366
          ],
          [
            77.021091,
            28.6189032
          ],
          [
            77.0215282,
            28.6207821
          ],
          [
            77.0217615,
            28.6259406
          ]
        ]
      }
    },
    {
      "type": "Feature",
      "properties": {
        "landuse": "basin",
        "man_made": "pond",
        "natural": "water"
      },
      "geometry": {
        "type": "LineString",
        "coordinates": [
          [
            77.0206474,
            28.628775
          ],
          [
            77.0205626,
            28.6285855
          ],
          [
            77.0207068,
            28.6285358
          ],
          [
            77.0207916,
            28.6287253
          ],
          [
            77.0206474,
            28.628775
          ]
        ]
      }
    },
    {
      "type": "Feature",
      "properties": {
        "man_made": "manhole",
        "manhole": "drain"
      },
      "geometry": {
        "type": "Point",
        "coordinates": [
          77.0482608,
          28.6023708
        ]
      }
    },
    {
      "type": "Feature",
      "properties": {
        "man_made": "manhole",
        "manhole": "drain"
      },
      "geometry": {
        "type": "Point",
        "coordinates": [
          77.0489582,
          28.6024335
        ]
      }
    },
    {
      "type": "Feature",
      "properties": {
        "waterway": "canal",
        "width": "4"
      },
      "geometry": {
        "type": "LineString",
        "coordinates": [
          [
            77.0446758,
            28.6041908
          ],
          [
            77.0406797,
            28.606856
          ],
          [
            77.0405522,
            28.6069296
          ],
          [
            77.0404915,
            28.6069371
          ],
          [
            77.0404408,
            28.6069237
          ],
          [
            77.0385472,
            28.6048338
          ],
          [
            77.0383192,
            28.6047639
          ]
        ]
      }
    },
    {
      "type": "Feature",
      "properties": {
        "layer": "-1",
        "tunnel": "yes",
        "waterway": "canal",
        "width": "4"
      },
      "geometry": {
        "type": "LineString",
        "coordinates": [
          [
            77.0383192,
            28.6047639
          ],
          [
            77.0379151,
            28.6043087
          ]
        ]
      }
    },
    {
      "type": "Feature",
      "properties": {
        "waterway": "canal",
        "width": "4"
      },
      "geometry": {
        "type": "LineString",
        "coordinates": [
          [
            77.0379151,
            28.6043087
          ],
          [
            77.0374353,
            28.603733
          ],
          [
            77.0371768,
            28.6033241
          ],
          [
            77.0370454,
            28.6031786
          ],
          [
            77.0369997,
            28.6031234
          ],
          [
            77.0368339,
            28.602993
          ],
          [
            77.0363254,
            28.6026117
          ],
          [
            77.0362225,
            28.6025615
          ],
          [
            77.0357637,
            28.6024098
          ]
        ]
      }
    },
    {
      "type": "Feature",
      "properties": {
        "layer": "-1",
        "source": "bing",
        "tunnel": "culvert",
        "waterway": "canal",
        "width": "4"
      },
      "geometry": {
        "type": "LineString",
        "coordinates": [
          [
            77.0357637,
            28.6024098
          ],
          [
            77.0354568,
            28.6022956
          ]
        ]
      }
    },
    {
      "type": "Feature",
      "properties": {
        "waterway": "canal",
        "width": "4"
      },
      "geometry": {
        "type": "LineString",
        "coordinates": [
          [
            77.0354568,
            28.6022956
          ],
          [
            77.0353368,
            28.6021702
          ],
          [
            77.0352053,
            28.6020046
          ],
          [
            77.0351253,
            28.6019143
          ],
          [
            77.035011,
            28.6018892
          ],
          [
            77.0348739,
            28.6018792
          ],
          [
            77.0348053,
            28.6018591
          ],
          [
            77.03472,
            28.6017342
          ],
          [
            77.034651,
            28.6016333
          ],
          [
            77.0314453,
            28.5979407
          ],
          [
            77.0313595,
            28.5978905
          ],
          [
            77.0312967,
            28.5979006
          ],
          [
            77.0312504,
            28.5979314
          ],
          [
            77.030135,
            28.5986725
          ],
          [
            77.0300509,
            28.5987284
          ],
          [
            77.0299195,
            28.5987936
          ],
          [
            77.0297824,
            28.5987936
          ],
          [
            77.0296338,
            28.5987585
          ],
          [
            77.0295595,
            28.5986983
          ],
          [
            77.0291424,
            28.5982167
          ],
          [
            77.0290966,
            28.5981815
          ],
          [
            77.0290281,
            28.5981765
          ],
          [
            77.0289481,
            28.5982066
          ],
          [
            77.0286338,
            28.5984173
          ],
          [
            77.0264794,
            28.5998573
          ],
          [
            77.0262109,
            28.6000379
          ],
          [
            77.0249823,
            28.6008306
          ],
          [
            77.0241251,
            28.5998773
          ],
          [
            77.0226807,
            28.6002221
          ]
        ]
      }
    },
    {
      "type": "Feature",
      "properties": {
        "natural": "water"
      },
      "geometry": {
        "type": "LineString",
        "coordinates": [
          [
            77.036359,
            28.6066033
          ],
          [
            77.0363525,
            28.6066015
          ],
          [
            77.036347,
            28.606598
          ],
          [
            77.0363429,
            28.6065932
          ],
          [
            77.0363406,
            28.6065869
          ],
          [
            77.0363409,
            28.6065803
          ],
          [
            77.0363436,
            28.6065741
          ],
          [
            77.0363486,
            28.6065692
          ],
          [
            77.0363552,
            28.606566
          ],
          [
            77.0363627,
            28.6065649
          ],
          [
            77.0363701,
            28.6065661
          ],
          [
            77.0363766,
            28.6065695
          ],
          [
            77.0363815,
            28.6065746
          ],
          [
            77.036384,
            28.6065808
          ],
          [
            77.0363841,
            28.6065874
          ],
          [
            77.0363819,
            28.6065931
          ],
          [
            77.0363779,
            28.6065979
          ],
          [
            77.0363724,
            28.6066015
          ],
          [
            77.0363659,
            28.6066033
          ],
          [
            77.036359,
            28.6066033
          ]
        ]
      }
    },
    {
      "type": "Feature",
      "properties": {
        "natural": "water"
      },
      "geometry": {
        "type": "LineString",
        "coordinates": [
          [
            77.0379591,
            28.6100212
          ],
          [
            77.0379467,
            28.6100258
          ],
          [
            77.0379364,
            28.6100335
          ],
          [
            77.0379294,
            28.6100436
          ],
          [
            77.0379262,
            28.6100551
          ],
          [
            77.0379273,
            28.6100669
          ],
          [
            77.0379324,
            28.6100778
          ],
          [
            77.0379411,
            28.6100869
          ],
          [
            77.0379525,
            28.6100931
          ],
          [
            77.0379656,
            28.610096
          ],
          [
            77.0379805,
            28.6100948
          ],
          [
            77.0379941,
            28.6100893
          ],
          [
            77.0380047,
            28.6100801
          ],
          [
            77.0380111,
            28.6100683
          ],
          [
            77.0380126,
            28.6100552
          ],
          [
            77.0380089,
            28.6100425
          ],
          [
            77.0380005,
            28.6100316
          ],
          [
            77.0379884,
            28.610024
          ],
          [
            77.037974,
            28.6100203
          ],
          [
            77.0379591,
            28.6100212
          ]
        ]
      }
    },
    {
      "type": "Feature",
      "properties": {
        "basin": "rain_storage_reservoir",
        "construction": "yes",
        "name": "Pond",
        "natural": "water",
        "water": "basin"
      },
      "geometry": {
        "type": "LineString",
        "coordinates": [
          [
            77.037681,
            28.6153208
          ],
          [
            77.0376702,
            28.6152502
          ],
          [
            77.0376592,
            28.6150971
          ],
          [
            77.0376612,
            28.6150778
          ],
          [
            77.0376698,
            28.6150626
          ],
          [
            77.0377034,
            28.6150313
          ],
          [
            77.0377202,
            28.6150198
          ],
          [
            77.0377473,
            28.6150101
          ],
          [
            77.037988,
            28.6149585
          ],
          [
            77.038041,
            28.6149578
          ],
          [
            77.038066,
            28.6149643
          ],
          [
            77.0380929,
            28.6149808
          ],
          [
            77.0381499,
            28.6150363
          ],
          [
            77.0381607,
            28.6150528
          ],
          [
            77.0381678,
            28.6150739
          ],
          [
            77.0381774,
            28.6151502
          ],
          [
            77.0381853,
            28.6152327
          ],
          [
            77.0381781,
            28.6152523
          ],
          [
            77.0381635,
            28.6152624
          ],
          [
            77.0378542,
            28.6153378
          ],
          [
            77.0377821,
            28.6153486
          ],
          [
            77.0377338,
            28.6153511
          ],
          [
            77.0377036,
            28.6153451
          ],
          [
            77.0376896,
            28.6153355
          ],
          [
            77.037681,
            28.6153208
          ]
        ]
      }
    }
  ]
}